,player_name,total_points_sum,total_points_mean,total_points_std,total_points_max,total_points_min,batting_points_sum,batting_points_mean,bowling_points_sum,bowling_points_mean,fielding_points_sum,fielding_points_mean,runs_sum,runs_mean,runs_max,wickets_sum,wickets_mean,wickets_max,catches_sum,catches_mean,total_matches,points_per_match
0,A Ashish Reddy,1365.0,44.03225806451613,34.816168534143,139.0,-22.0,411.0,13.258064516129032,549.0,17.70967741935484,100.0,3.225806451612903,280,9.03225806451613,36,19,0.6129032258064516,3,8,0.25806451612903225,31,44.03225806451613
1,A Badoni,2225.0,39.732142857142854,36.371562853630365,139.0,-16.0,1337.0,23.875,138.0,2.4642857142857144,180.0,3.2142857142857144,963,17.196428571428573,74,4,0.07142857142857142,2,17,0.30357142857142855,55,40.45454545454545
2,A Chandila,732.0,61.0,79.38513714795737,280.0,-22.0,-11.0,-0.9166666666666666,543.0,45.25,20.0,1.6666666666666667,4,0.3333333333333333,4,11,0.9166666666666666,4,2,0.16666666666666666,12,61.0
3,A Chopra,135.0,19.285714285714285,13.375528471980534,42.0,3.0,20.0,2.857142857142857,0.0,0.0,30.0,4.285714285714286,53,7.571428571428571,24,0,0.0,0,2,0.2857142857142857,7,19.285714285714285
4,A Choudhary,190.0,38.0,31.184932259025352,87.0,6.0,13.0,2.6,152.0,30.4,0.0,0.0,25,5.0,15,5,1.0,2,0,0.0,5,38.0
5,A Dananjaya,-5.0,-5.0,,-5.0,-5.0,4.0,4.0,-14.0,-14.0,0.0,0.0,4,4.0,4,0,0.0,0,0,0.0,1,-5.0
6,A Flintoff,176.0,58.666666666666664,64.53164598345012,131.0,7.0,61.0,20.333333333333332,60.0,20.0,30.0,10.0,62,20.666666666666668,24,2,0.6666666666666666,1,3,1.0,3,58.666666666666664
7,A Kamboj,497.0,45.18181818181818,48.4330841095592,154.0,-21.0,18.0,1.6363636363636365,344.0,31.272727272727273,40.0,3.6363636363636362,16,1.4545454545454546,5,10,0.9090909090909091,3,4,0.36363636363636365,11,45.18181818181818
8,A Kumble,3067.0,73.02380952380952,88.87082653786791,328.0,-20.0,3.0,0.07142857142857142,2414.0,57.476190476190474,90.0,2.142857142857143,35,0.8333333333333334,8,49,1.1666666666666667,5,9,0.21428571428571427,38,80.71052631578948
9,A Manohar,933.0,34.55555555555556,34.80973927966064,156.0,-18.0,398.0,14.74074074074074,0.0,0.0,180.0,6.666666666666667,292,10.814814814814815,43,0,0.0,0,16,0.5925925925925926,27,34.55555555555556
10,A Mhatre,568.0,81.14285714285714,64.32062544116667,198.0,3.0,473.0,67.57142857142857,0.0,0.0,40.0,5.714285714285714,240,34.285714285714285,94,0,0.0,0,4,0.5714285714285714,7,81.14285714285714
11,A Mishra,10027.0,61.89506172839506,69.63138151891135,346.0,-29.0,202.0,1.2469135802469136,7365.0,45.46296296296296,290.0,1.7901234567901234,381,2.3518518518518516,31,183,1.1296296296296295,5,19,0.11728395061728394,157,63.86624203821656
12,A Mithun,400.0,25.0,31.709094384208875,95.0,-13.0,50.0,3.125,100.0,6.25,80.0,5.0,34,2.125,11,8,0.5,2,7,0.4375,13,30.76923076923077
13,A Mukund,55.0,18.333333333333332,15.275252316519467,35.0,5.0,0.0,0.0,0.0,0.0,30.0,10.0,19,6.333333333333333,19,0,0.0,0,3,1.0,3,18.333333333333332
14,A Nehra,6229.0,70.7840909090909,64.72975631954012,277.0,-22.0,11.0,0.125,4878.0,55.43181818181818,190.0,2.159090909090909,41,0.4659090909090909,22,121,1.375,5,17,0.19318181818181818,82,75.96341463414635
15,A Nel,22.0,22.0,,22.0,22.0,0.0,0.0,17.0,17.0,0.0,0.0,0,0.0,0,1,1.0,1,0,0.0,1,22.0
16,A Nortje,2830.0,58.958333333333336,52.5057072210264,245.0,-23.0,15.0,0.3125,2105.0,43.854166666666664,110.0,2.2916666666666665,49,1.0208333333333333,23,63,1.3125,4,10,0.20833333333333334,43,65.81395348837209
17,A Raghuvanshi,1046.0,47.54545454545455,35.21326491500079,130.0,5.0,766.0,34.81818181818182,0.0,0.0,60.0,2.727272727272727,463,21.045454545454547,54,0,0.0,0,6,0.2727272727272727,22,47.54545454545455
18,A Singh,1476.0,64.17391304347827,69.42206367503913,289.0,-24.0,2.0,0.08695652173913043,1179.0,51.26086956521739,10.0,0.43478260869565216,2,0.08695652173913043,1,31,1.3478260869565217,4,1,0.043478260869565216,23,64.17391304347827
19,A Symonds,2905.0,74.48717948717949,77.25994120836212,269.0,-23.0,1360.0,34.87179487179487,800.0,20.512820512820515,210.0,5.384615384615385,974,24.974358974358974,117,23,0.5897435897435898,3,20,0.5128205128205128,35,83.0
20,A Tomar,-5.0,-5.0,,-5.0,-5.0,-10.0,-10.0,0.0,0.0,0.0,0.0,4,4.0,4,0,0.0,0,0,0.0,1,-5.0
21,A Uniyal,77.0,38.5,102.5304832720494,111.0,-34.0,-11.0,-5.5,78.0,39.0,0.0,0.0,4,2.0,4,3,1.5,3,0,0.0,2,38.5
22,A Zampa,1410.0,64.0909090909091,89.63944130364399,416.0,-30.0,-39.0,-1.7727272727272727,1169.0,53.13636363636363,10.0,0.45454545454545453,15,0.6818181818181818,7,32,1.4545454545454546,6,1,0.045454545454545456,19,74.21052631578948
23,AA Bilakhia,114.0,16.285714285714285,12.737271891503894,43.0,6.0,39.0,5.571428571428571,0.0,0.0,10.0,1.4285714285714286,69,9.857142857142858,22,0,0.0,0,1,0.14285714285714285,5,22.8
24,AA Chavan,449.0,34.53846153846154,32.92065052165936,97.0,-11.0,4.0,0.3076923076923077,290.0,22.307692307692307,30.0,2.3076923076923075,12,0.9230769230769231,7,8,0.6153846153846154,2,3,0.23076923076923078,13,34.53846153846154
25,AA Jhunjhunwala,503.0,23.952380952380953,36.68988442401555,125.0,-23.0,191.0,9.095238095238095,-53.0,-2.5238095238095237,140.0,6.666666666666667,217,10.333333333333334,53,1,0.047619047619047616,1,10,0.47619047619047616,21,23.952380952380953
26,AA Kazi,27.0,27.0,,27.0,27.0,0.0,0.0,12.0,12.0,0.0,0.0,0,0.0,0,1,1.0,1,0,0.0,1,27.0
27,AA Kulkarni,21.0,10.5,7.7781745930520225,16.0,5.0,1.0,0.5,0.0,0.0,0.0,0.0,9,4.5,9,0,0.0,0,0,0.0,2,10.5
28,AA Noffke,16.0,16.0,,16.0,16.0,-5.0,-5.0,16.0,16.0,0.0,0.0,9,9.0,9,1,1.0,1,0,0.0,1,16.0
29,AB Agarkar,1416.0,33.714285714285715,45.85517270833792,178.0,-22.0,102.0,2.4285714285714284,884.0,21.047619047619047,70.0,1.6666666666666667,179,4.261904761904762,39,33,0.7857142857142857,3,4,0.09523809523809523,42,33.714285714285715
30,AB Barath,69.0,23.0,28.478061731796284,54.0,-2.0,34.0,11.333333333333334,0.0,0.0,0.0,0.0,42,14.0,33,0,0.0,0,0,0.0,3,23.0
31,AB Dinda,3895.0,49.93589743589744,58.392167181439575,260.0,-24.0,18.0,0.23076923076923078,2977.0,38.166666666666664,120.0,1.5384615384615385,26,0.3333333333333333,7,82,1.0512820512820513,4,7,0.08974358974358974,78,49.93589743589744
32,AB McDonald,770.0,77.0,68.04247039737591,212.0,-12.0,150.0,15.0,520.0,52.0,0.0,0.0,123,12.3,33,14,1.4,4,0,0.0,10,77.0
33,AB de Villiers,13531.0,73.93989071038251,81.37210482680187,428.0,-20.0,8966.0,48.994535519125684,0.0,0.0,1540.0,8.415300546448087,5181,28.311475409836067,133,0,0.0,0,118,0.644808743169399,173,78.21387283236994
34,AC Blizzard,270.0,38.57142857142857,51.247299580423885,122.0,-19.0,165.0,23.571428571428573,0.0,0.0,40.0,5.714285714285714,120,17.142857142857142,51,0,0.0,0,4,0.5714285714285714,5,54.0
35,AC Gilchrist,5403.0,67.5375,73.01516120520988,357.0,-7.0,3232.0,40.4,31.0,0.3875,1030.0,12.875,2069,25.8625,109,1,0.0125,1,51,0.6375,76,71.09210526315789
36,AC Thomas,734.0,48.93333333333333,40.4006129137854,148.0,-9.0,13.0,0.8666666666666667,576.0,38.4,40.0,2.6666666666666665,20,1.3333333333333333,12,16,1.0666666666666667,3,3,0.2,15,48.93333333333333
37,AC Voges,407.0,45.22222222222222,53.69072959500964,150.0,-25.0,227.0,25.22222222222222,-5.0,-0.5555555555555556,40.0,4.444444444444445,181,20.11111111111111,45,1,0.1111111111111111,1,1,0.1111111111111111,9,45.22222222222222
38,AD Hales,278.0,46.333333333333336,39.86309905999114,89.0,-18.0,188.0,31.333333333333332,0.0,0.0,20.0,3.3333333333333335,148,24.666666666666668,45,0,0.0,0,2,0.3333333333333333,6,46.333333333333336
39,AD Mascarenhas,1055.0,81.15384615384616,84.74653007040678,335.0,17.0,46.0,3.5384615384615383,834.0,64.15384615384616,20.0,1.5384615384615385,79,6.076923076923077,27,19,1.4615384615384615,5,2,0.15384615384615385,13,81.15384615384616
40,AD Mathews,2505.0,51.12244897959184,55.61086249295981,235.0,-12.0,906.0,18.489795918367346,914.0,18.653061224489797,220.0,4.489795918367347,724,14.775510204081632,65,28,0.5714285714285714,4,19,0.3877551020408163,49,51.12244897959184
41,AD Nath,161.0,11.5,15.083103128998356,48.0,-7.0,11.0,0.7857142857142857,0.0,0.0,20.0,1.4285714285714286,90,6.428571428571429,24,0,0.0,0,2,0.14285714285714285,14,11.5
42,AD Russell,10990.0,79.06474820143885,84.82259480165303,427.0,-34.0,4783.0,34.410071942446045,3622.0,26.057553956834532,400.0,2.8776978417266186,2655,19.100719424460433,88,133,0.9568345323741008,6,36,0.2589928057553957,134,82.01492537313433
43,AF Milne,399.0,39.9,55.92743314132857,155.0,-14.0,0.0,0.0,249.0,24.9,70.0,7.0,23,2.3,15,9,0.9,3,7,0.7,10,39.9
44,AG Murtaza,762.0,63.5,67.12606863886108,170.0,-8.0,11.0,0.9166666666666666,581.0,48.416666666666664,40.0,3.3333333333333335,10,0.8333333333333334,5,12,1.0,3,3,0.25,12,63.5
45,AG Paunikar,63.0,12.6,16.2265215003093,39.0,-5.0,-2.0,-0.4,0.0,0.0,20.0,4.0,49,9.8,20,0,0.0,0,1,0.2,5,12.6
46,AJ Finch,4350.0,47.28260869565217,52.149895132691235,254.0,-17.0,2927.0,31.815217391304348,33.0,0.358695652173913,320.0,3.4782608695652173,2092,22.73913043478261,88,1,0.010869565217391304,1,29,0.31521739130434784,89,48.87640449438202
47,AJ Hosein,59.0,59.0,,59.0,59.0,29.0,29.0,15.0,15.0,0.0,0.0,16,16.0,16,1,1.0,1,0,0.0,1,59.0
48,AJ Turner,38.0,6.333333333333333,14.787382008545888,35.0,-5.0,-22.0,-3.6666666666666665,0.0,0.0,0.0,0.0,24,4.0,16,0,0.0,0,0,0.0,6,6.333333333333333
49,AJ Tye,2340.0,78.0,88.60411759716595,355.0,-13.0,112.0,3.7333333333333334,1778.0,59.266666666666666,70.0,2.3333333333333335,91,3.033333333333333,25,48,1.6,5,7,0.23333333333333334,30,78.0
50,AK Markram,3102.0,54.421052631578945,46.01822130123374,174.0,-14.0,2180.0,38.24561403508772,27.0,0.47368421052631576,310.0,5.43859649122807,1440,25.263157894736842,68,6,0.10526315789473684,2,31,0.543859649122807,55,56.4
51,AL Menaria,771.0,26.586206896551722,29.449129554659056,100.0,-47.0,386.0,13.310344827586206,60.0,2.0689655172413794,40.0,1.3793103448275863,401,13.827586206896552,40,3,0.10344827586206896,2,4,0.13793103448275862,29,26.586206896551722
52,AM Nayar,1671.0,27.85,32.59189095361304,166.0,-14.0,782.0,13.033333333333333,209.0,3.4833333333333334,150.0,2.5,672,11.2,45,9,0.15,3,13,0.21666666666666667,58,28.810344827586206
53,AM Rahane,10260.0,51.81818181818182,57.889420868186996,325.0,-30.0,6758.0,34.13131313131313,52.0,0.26262626262626265,840.0,4.242424242424242,5032,25.414141414141415,105,1,0.005050505050505051,1,75,0.3787878787878788,187,54.86631016042781
54,AM Salvi,332.0,47.42857142857143,38.50912075018567,107.0,-14.0,0.0,0.0,227.0,32.42857142857143,20.0,2.857142857142857,0,0.0,0,7,1.0,2,2,0.2857142857142857,7,47.42857142857143
55,AN Ahmed,722.0,42.470588235294116,45.02515636710608,157.0,-33.0,27.0,1.588235294117647,450.0,26.470588235294116,50.0,2.9411764705882355,36,2.1176470588235294,18,15,0.8823529411764706,3,2,0.11764705882352941,16,45.125
56,AN Ghosh,8.0,4.0,1.4142135623730951,5.0,3.0,-12.0,-6.0,0.0,0.0,10.0,5.0,7,3.5,7,0,0.0,0,1,0.5,2,4.0
57,AP Dole,254.0,84.66666666666667,9.291573243177568,95.0,77.0,59.0,19.666666666666668,140.0,46.666666666666664,20.0,6.666666666666667,34,11.333333333333334,30,5,1.6666666666666667,2,2,0.6666666666666666,3,84.66666666666667
58,AP Majumdar,113.0,28.25,26.411802917130313,60.0,6.0,93.0,23.25,0.0,0.0,0.0,0.0,87,21.75,31,0,0.0,0,0,0.0,4,28.25
59,AP Tare,901.0,25.742857142857144,35.36726873083348,174.0,-20.0,366.0,10.457142857142857,0.0,0.0,130.0,3.7142857142857144,339,9.685714285714285,59,0,0.0,0,3,0.08571428571428572,31,29.06451612903226
60,AR Bawne,8.0,8.0,,8.0,8.0,3.0,3.0,0.0,0.0,0.0,0.0,12,12.0,12,0,0.0,0,0,0.0,1,8.0
61,AR Patel,10636.0,65.25153374233129,52.29998271584379,277.0,-25.0,2604.0,15.975460122699387,5337.0,32.74233128834356,760.0,4.662576687116564,1916,11.754601226993865,66,137,0.8404907975460123,4,71,0.43558282208588955,153,69.51633986928104
62,AS Joseph,1117.0,50.77272727272727,100.01758503391949,459.0,-27.0,5.0,0.22727272727272727,762.0,34.63636363636363,50.0,2.272727272727273,27,1.2272727272727273,15,22,1.0,6,3,0.13636363636363635,21,53.19047619047619
63,AS Rajpoot,1087.0,37.48275862068966,75.12637956406485,350.0,-25.0,-20.0,-0.6896551724137931,702.0,24.20689655172414,40.0,1.3793103448275863,26,0.896551724137931,8,24,0.8275862068965517,5,3,0.10344827586206896,28,38.82142857142857
64,AS Raut,427.0,19.40909090909091,21.389047243655853,77.0,-14.0,201.0,9.136363636363637,-54.0,-2.4545454545454546,90.0,4.090909090909091,194,8.818181818181818,36,0,0.0,0,9,0.4090909090909091,22,19.40909090909091
65,AS Roy,430.0,39.09090909090909,44.63956663197918,98.0,-28.0,39.0,3.5454545454545454,266.0,24.181818181818183,20.0,1.8181818181818181,26,2.3636363636363638,13,8,0.7272727272727273,2,2,0.18181818181818182,11,39.09090909090909
66,AS Yadav,133.0,16.625,12.949765579786709,34.0,-5.0,53.0,6.625,0.0,0.0,20.0,2.5,49,6.125,16,0,0.0,0,1,0.125,8,16.625
67,AT Carey,74.0,24.666666666666668,12.897028081435403,39.0,14.0,19.0,6.333333333333333,0.0,0.0,20.0,6.666666666666667,32,10.666666666666666,14,0,0.0,0,2,0.6666666666666666,3,24.666666666666668
68,AT Rayudu,9738.0,47.73529411764706,51.63187743916897,301.0,-18.0,6188.0,30.333333333333332,0.0,0.0,820.0,4.019607843137255,4348,21.313725490196077,100,0,0.0,0,64,0.3137254901960784,181,53.80110497237569
69,AU Rashid,111.0,37.0,55.054518434003214,98.0,-9.0,26.0,8.666666666666666,70.0,23.333333333333332,0.0,0.0,22,7.333333333333333,18,2,0.6666666666666666,2,0,0.0,3,37.0
70,AUK Pathan,137.0,17.125,22.17100745181805,53.0,-21.0,68.0,8.5,-41.0,-5.125,30.0,3.75,39,4.875,14,0,0.0,0,2,0.25,8,17.125
71,Abdul Basith,6.0,6.0,,6.0,6.0,1.0,1.0,0.0,0.0,0.0,0.0,1,1.0,1,0,0.0,0,0,0.0,1,6.0
72,Abdul Samad,2155.0,34.20634920634921,30.037159099677083,112.0,-18.0,1288.0,20.444444444444443,-28.0,-0.4444444444444444,310.0,4.920634920634921,743,11.793650793650794,45,2,0.031746031746031744,1,31,0.49206349206349204,58,37.1551724137931
73,Abdur Razzak,-20.0,-20.0,,-20.0,-20.0,0.0,0.0,-25.0,-25.0,0.0,0.0,0,0.0,0,0,0.0,0,0,0.0,1,-20.0
74,Abhishek Sharma,4513.0,58.61038961038961,75.81108026295155,420.0,-33.0,3167.0,41.12987012987013,61.0,0.7922077922077922,260.0,3.3766233766233764,1816,23.584415584415584,141,11,0.14285714285714285,2,25,0.3246753246753247,74,60.986486486486484
75,Abishek Porel,1500.0,46.875,40.4935279575837,143.0,-5.0,1100.0,34.375,0.0,0.0,120.0,3.75,661,20.65625,65,0,0.0,0,9,0.28125,32,46.875
76,Akash Deep,380.0,27.142857142857142,45.872494092710006,135.0,-23.0,61.0,4.357142857142857,149.0,10.642857142857142,20.0,1.4285714285714286,25,1.7857142857142858,17,11,0.7857142857142857,3,2,0.14285714285714285,14,27.142857142857142
77,Akash Madhwal,1333.0,78.41176470588235,128.08447350456328,481.0,-21.0,-7.0,-0.4117647058823529,1045.0,61.470588235294116,20.0,1.1764705882352942,8,0.47058823529411764,4,26,1.5294117647058822,6,1,0.058823529411764705,15,88.86666666666666
78,Akash Singh,363.0,36.3,34.766043458779976,75.0,-22.0,0.0,0.0,253.0,25.3,10.0,1.0,0,0.0,0,9,0.9,2,1,0.1,10,36.3
79,Aman Hakim Khan,296.0,24.666666666666668,30.687081478970427,105.0,-18.0,125.0,10.416666666666666,-29.0,-2.4166666666666665,90.0,7.5,115,9.583333333333334,51,0,0.0,0,9,0.75,12,24.666666666666668
80,Anand Rajan,517.0,64.625,59.720629362294666,202.0,19.0,0.0,0.0,387.0,48.375,50.0,6.25,0,0.0,0,10,1.25,4,3,0.375,8,64.625
81,Aniket Verma,633.0,45.214285714285715,42.9062996476106,141.0,3.0,433.0,30.928571428571427,0.0,0.0,70.0,5.0,236,16.857142857142858,74,0,0.0,0,6,0.42857142857142855,14,45.214285714285715
82,Anirudh Singh,111.0,22.2,17.93599732381782,51.0,5.0,36.0,7.2,0.0,0.0,30.0,6.0,63,12.6,40,0,0.0,0,3,0.6,4,27.75
83,Ankit Sharma,809.0,36.77272727272727,37.620829866270086,123.0,-24.0,142.0,6.454545454545454,477.0,21.681818181818183,40.0,1.8181818181818181,87,3.9545454545454546,30,12,0.5454545454545454,2,4,0.18181818181818182,21,38.523809523809526
84,Ankit Soni,176.0,25.142857142857142,57.056780407557085,117.0,-49.0,-16.0,-2.2857142857142856,127.0,18.142857142857142,10.0,1.4285714285714286,7,1.0,7,4,0.5714285714285714,2,1,0.14285714285714285,7,25.142857142857142
85,Anmolpreet Singh,219.0,24.333333333333332,25.86986664055306,64.0,-5.0,144.0,16.0,0.0,0.0,10.0,1.1111111111111112,139,15.444444444444445,36,0,0.0,0,1,0.1111111111111111,9,24.333333333333332
86,Anuj Rawat,842.0,35.083333333333336,42.18789921979655,175.0,-5.0,382.0,15.916666666666666,0.0,0.0,180.0,7.5,318,13.25,66,0,0.0,0,16,0.6666666666666666,24,35.083333333333336
87,Anureet Singh,799.0,34.73913043478261,40.93477893530406,147.0,-13.0,25.0,1.0869565217391304,559.0,24.304347826086957,60.0,2.608695652173913,36,1.565217391304348,15,21,0.9130434782608695,3,5,0.21739130434782608,23,34.73913043478261
88,Arjun Tendulkar,200.0,40.0,41.10352782912922,87.0,2.0,25.0,5.0,130.0,26.0,0.0,0.0,13,2.6,13,4,0.8,2,0,0.0,5,40.0
89,Arshad Khan,592.0,32.888888888888886,39.24416612903629,126.0,-21.0,192.0,10.666666666666666,160.0,8.88888888888889,60.0,3.3333333333333335,119,6.611111111111111,58,12,0.6666666666666666,3,6,0.3333333333333333,18,32.888888888888886
90,Arshad Khan (2),-15.0,-15.0,,-15.0,-15.0,6.0,6.0,-26.0,-26.0,0.0,0.0,5,5.0,5,0,0.0,0,0,0.0,1,-15.0
91,Arshdeep Singh,4491.0,54.10843373493976,57.64081634130894,255.0,-28.0,20.0,0.24096385542168675,3466.0,41.75903614457831,160.0,1.927710843373494,31,0.37349397590361444,10,106,1.2771084337349397,5,12,0.14457831325301204,80,56.1375
92,Ashutosh Sharma,958.0,39.916666666666664,50.844961844095586,206.0,-17.0,658.0,27.416666666666668,0.0,0.0,40.0,1.6666666666666667,393,16.375,66,0,0.0,0,4,0.16666666666666666,24,39.916666666666664
93,Ashwani Kumar,440.0,62.857142857142854,93.73442727804367,264.0,-15.0,0.0,0.0,305.0,43.57142857142857,20.0,2.857142857142857,0,0.0,0,11,1.5714285714285714,4,2,0.2857142857142857,5,88.0
94,Atharva Taide,531.0,53.1,44.24037874059298,128.0,5.0,391.0,39.1,0.0,0.0,50.0,5.0,260,26.0,66,0,0.0,0,5,0.5,10,53.1
95,Avesh Khan,4199.0,55.986666666666665,59.770844680946865,250.0,-20.0,96.0,1.28,3038.0,40.50666666666667,130.0,1.7333333333333334,62,0.8266666666666667,19,94,1.2533333333333334,4,11,0.14666666666666667,70,59.98571428571429
96,Azhar Mahmood,2132.0,92.69565217391305,82.07005587390717,327.0,-4.0,538.0,23.391304347826086,1179.0,51.26086956521739,80.0,3.4782608695652173,388,16.869565217391305,80,31,1.3478260869565217,3,7,0.30434782608695654,23,92.69565217391305
97,Azmatullah Omarzai,547.0,32.1764705882353,38.85427147386379,115.0,-9.0,137.0,8.058823529411764,245.0,14.411764705882353,0.0,0.0,99,5.823529411764706,21,12,0.7058823529411765,2,0,0.0,14,39.07142857142857
98,B Akhil,561.0,37.4,32.29727985007848,103.0,-5.0,106.0,7.066666666666666,250.0,16.666666666666668,40.0,2.6666666666666665,76,5.066666666666666,27,7,0.4666666666666667,2,3,0.2,14,40.07142857142857
99,B Chipli,428.0,18.608695652173914,32.33171695021185,132.0,-23.0,242.0,10.521739130434783,-29.0,-1.2608695652173914,30.0,1.3043478260869565,280,12.173913043478262,61,0,0.0,0,3,0.13043478260869565,23,18.608695652173914
100,B Geeves,85.0,42.5,0.7071067811865476,43.0,42.0,0.0,0.0,25.0,12.5,30.0,15.0,0,0.0,0,2,1.0,1,3,1.5,2,42.5
101,B Indrajith,8.0,2.6666666666666665,21.197484127446195,22.0,-20.0,-37.0,-12.333333333333334,0.0,0.0,20.0,6.666666666666667,21,7.0,15,0,0.0,0,1,0.3333333333333333,3,2.6666666666666665
102,B Kumar,11255.0,59.23684210526316,61.498756476663786,375.0,-28.0,227.0,1.194736842105263,8528.0,44.88421052631579,400.0,2.1052631578947367,320,1.6842105263157894,27,213,1.1210526315789473,6,32,0.16842105263157894,177,63.58757062146893
103,B Laughlin,307.0,34.111111111111114,34.559529960795345,91.0,-21.0,-10.0,-1.1111111111111112,232.0,25.77777777777778,10.0,1.1111111111111112,5,0.5555555555555556,4,10,1.1111111111111112,2,1,0.1111111111111111,8,38.375
104,B Lee,2057.0,54.13157894736842,52.82156145170551,221.0,-21.0,173.0,4.552631578947368,1244.0,32.73684210526316,140.0,3.6842105263157894,124,3.263157894736842,25,30,0.7894736842105263,3,8,0.21052631578947367,36,57.138888888888886
105,B Sai Sudharsan,3697.0,92.425,71.68803050683367,308.0,-14.0,2977.0,74.425,0.0,0.0,110.0,2.75,1793,44.825,108,0,0.0,0,10,0.25,37,99.91891891891892
106,B Stanlake,380.0,63.333333333333336,60.35119440961104,150.0,-10.0,6.0,1.0,244.0,40.666666666666664,10.0,1.6666666666666667,5,0.8333333333333334,5,7,1.1666666666666667,2,1,0.16666666666666666,6,63.333333333333336
107,B Sumanth,118.0,23.6,16.90562036720333,51.0,7.0,13.0,2.6,0.0,0.0,40.0,8.0,35,7.0,16,0,0.0,0,4,0.8,4,29.5
108,BA Bhatt,716.0,42.11764705882353,66.9504316200997,264.0,-12.0,8.0,0.47058823529411764,483.0,28.41176470588235,0.0,0.0,6,0.35294117647058826,6,13,0.7647058823529411,4,0,0.0,17,42.11764705882353
109,BA Stokes,3243.0,72.06666666666666,82.99353753592668,327.0,-21.0,1410.0,31.333333333333332,888.0,19.733333333333334,250.0,5.555555555555555,935,20.77777777777778,107,31,0.6888888888888889,3,23,0.5111111111111111,45,72.06666666666666
110,BAW Mendis,439.0,43.9,30.88491181431117,91.0,-8.0,3.0,0.3,346.0,34.6,10.0,1.0,3,0.3,2,9,0.9,2,1,0.1,10,43.9
111,BB McCullum,6330.0,58.07339449541284,67.50578938437613,449.0,-16.0,4355.0,39.95412844036697,0.0,0.0,630.0,5.779816513761468,2882,26.440366972477065,158,0,0.0,0,37,0.3394495412844037,104,60.86538461538461
112,BB Samantray,277.0,30.77777777777778,36.73138228333429,108.0,5.0,132.0,14.666666666666666,0.0,0.0,40.0,4.444444444444445,125,13.88888888888889,55,0,0.0,0,3,0.3333333333333333,8,34.625
113,BB Sran,828.0,34.5,40.68436298265401,147.0,-22.0,10.0,0.4166666666666667,478.0,19.916666666666668,60.0,2.5,10,0.4166666666666667,3,20,0.8333333333333334,3,4,0.16666666666666666,21,39.42857142857143
114,BCJ Cutting,1153.0,54.904761904761905,56.274243452848616,222.0,-11.0,481.0,22.904761904761905,267.0,12.714285714285714,120.0,5.714285714285714,238,11.333333333333334,39,12,0.5714285714285714,2,10,0.47619047619047616,18,64.05555555555556
115,BE Hendricks,448.0,64.0,46.86861067566081,134.0,-9.0,1.0,0.14285714285714285,352.0,50.285714285714285,30.0,4.285714285714286,1,0.14285714285714285,1,11,1.5714285714285714,3,3,0.42857142857142855,7,64.0
116,BJ Haddin,42.0,42.0,,42.0,42.0,37.0,37.0,0.0,0.0,0.0,0.0,18,18.0,18,0,0.0,0,0,0.0,1,42.0
117,BJ Hodge,3693.0,55.95454545454545,72.18596322494622,453.0,-34.0,1808.0,27.393939393939394,685.0,10.378787878787879,270.0,4.090909090909091,1400,21.21212121212121,73,18,0.2727272727272727,5,22,0.3333333333333333,64,57.703125
118,BJ Rohrer,320.0,40.0,38.23610858861032,99.0,-2.0,239.0,29.875,-29.0,-3.625,50.0,6.25,193,24.125,64,0,0.0,0,3,0.375,8,40.0
119,BKG Mendis,60.0,60.0,,60.0,60.0,45.0,45.0,0.0,0.0,10.0,10.0,20,20.0,20,0,0.0,0,1,1.0,0,inf
120,BMAJ Mendis,84.0,28.0,33.406586176980134,64.0,-2.0,8.0,2.6666666666666665,31.0,10.333333333333334,30.0,10.0,23,7.666666666666667,12,1,0.3333333333333333,1,2,0.6666666666666666,3,28.0
121,BR Dunk,92.0,30.666666666666668,9.60902353693305,41.0,22.0,27.0,9.0,0.0,0.0,30.0,10.0,40,13.333333333333334,20,0,0.0,0,3,1.0,3,30.666666666666668
122,BR Sharath,17.0,17.0,,17.0,17.0,2.0,2.0,0.0,0.0,10.0,10.0,2,2.0,2,0,0.0,0,1,1.0,1,17.0
123,BW Hilfenhaus,1188.0,69.88235294117646,49.685111392827196,199.0,-21.0,0.0,0.0,863.0,50.76470588235294,20.0,1.1764705882352942,0,0.0,0,23,1.3529411764705883,3,1,0.058823529411764705,14,84.85714285714286
124,Basil Thampi,1042.0,41.68,49.765047975461655,195.0,-24.0,25.0,1.0,772.0,30.88,50.0,2.0,32,1.28,13,26,1.04,4,4,0.16,24,43.416666666666664
125,Bipul Sharma,1342.0,40.666666666666664,38.30605913777436,156.0,-24.0,306.0,9.272727272727273,601.0,18.21212121212121,100.0,3.0303030303030303,187,5.666666666666667,35,22,0.6666666666666666,2,7,0.21212121212121213,29,46.275862068965516
126,C Bosch,174.0,58.0,60.25777958073132,123.0,4.0,86.0,28.666666666666668,43.0,14.333333333333334,10.0,3.3333333333333335,47,15.666666666666666,27,1,0.3333333333333333,1,1,0.3333333333333333,3,58.0
127,C Ganapathy,-14.0,-14.0,,-14.0,-14.0,0.0,0.0,-29.0,-29.0,0.0,0.0,0,0.0,0,0,0.0,0,0,0.0,1,-14.0
128,C Green,2222.0,76.62068965517241,81.5862443732763,330.0,-22.0,1218.0,42.0,419.0,14.448275862068966,130.0,4.482758620689655,707,24.379310344827587,100,20,0.6896551724137931,2,10,0.3448275862068966,26,85.46153846153847
129,C Madan,28.0,28.0,,28.0,28.0,3.0,3.0,0.0,0.0,10.0,10.0,15,15.0,15,0,0.0,0,0,0.0,1,28.0
130,C Munro,362.0,27.846153846153847,34.14392614078955,96.0,-17.0,202.0,15.538461538461538,-5.0,-0.38461538461538464,40.0,3.076923076923077,177,13.615384615384615,40,0,0.0,0,4,0.3076923076923077,10,36.2
131,C Nanda,108.0,36.0,23.895606290697042,57.0,10.0,0.0,0.0,83.0,27.666666666666668,0.0,0.0,0,0.0,0,2,0.6666666666666666,1,0,0.0,3,36.0
132,C Sakariya,824.0,41.2,40.96288435568035,138.0,-22.0,-2.0,-0.1,596.0,29.8,60.0,3.0,20,1.0,7,20,1.0,3,6,0.3,20,41.2
133,C de Grandhomme,870.0,34.8,46.73417735804635,182.0,-26.0,437.0,17.48,118.0,4.72,70.0,2.8,303,12.12,40,7,0.28,3,6,0.24,24,36.25
134,CA Ingram,427.0,28.466666666666665,28.525343785750206,91.0,-5.0,272.0,18.133333333333333,0.0,0.0,10.0,0.6666666666666666,205,13.666666666666666,47,0,0.0,0,1,0.06666666666666667,15,28.466666666666665
135,CA Lynn,2868.0,68.28571428571429,64.41757286160191,270.0,-6.0,2128.0,50.666666666666664,0.0,0.0,120.0,2.857142857142857,1329,31.642857142857142,93,0,0.0,0,12,0.2857142857142857,38,75.47368421052632
136,CA Pujara,718.0,23.933333333333334,23.66130747157409,84.0,-15.0,338.0,11.266666666666667,0.0,0.0,60.0,2.0,390,13.0,51,0,0.0,0,6,0.2,30,23.933333333333334
137,CH Gayle,12238.0,86.79432624113475,101.35612728891674,561.0,-30.0,8853.0,62.787234042553195,620.0,4.397163120567376,300.0,2.127659574468085,4997,35.43971631205674,175,19,0.1347517730496454,3,30,0.2127659574468085,134,91.32835820895522
138,CH Morris,6527.0,80.58024691358025,71.37048833333196,343.0,-22.0,1154.0,14.246913580246913,4038.0,49.851851851851855,400.0,4.938271604938271,618,7.62962962962963,82,107,1.3209876543209877,5,36,0.4444444444444444,78,83.67948717948718
139,CJ Anderson,1419.0,47.3,67.25717497937968,287.0,-23.0,720.0,24.0,179.0,5.966666666666667,110.0,3.6666666666666665,538,17.933333333333334,95,14,0.4666666666666667,3,11,0.36666666666666664,29,48.93103448275862
140,CJ Dala,-8.0,-8.0,,-8.0,-8.0,0.0,0.0,-13.0,-13.0,0.0,0.0,0,0.0,0,0,0.0,0,0,0.0,1,-8.0
141,CJ Ferguson,132.0,14.666666666666666,18.986837546047525,58.0,-4.0,27.0,3.0,0.0,0.0,20.0,2.2222222222222223,98,10.88888888888889,23,0,0.0,0,2,0.2222222222222222,9,14.666666666666666
142,CJ Green,1.0,1.0,,1.0,1.0,0.0,0.0,-4.0,-4.0,0.0,0.0,0,0.0,0,0,0.0,0,0,0.0,1,1.0
143,CJ Jordan,1631.0,47.970588235294116,65.62357544502545,234.0,-42.0,65.0,1.911764705882353,1036.0,30.470588235294116,140.0,4.117647058823529,81,2.3823529411764706,30,36,1.0588235294117647,4,13,0.38235294117647056,29,56.241379310344826
144,CJ McKay,37.0,18.5,36.062445840513924,44.0,-7.0,-7.0,-3.5,24.0,12.0,0.0,0.0,8,4.0,8,1,0.5,1,0,0.0,2,18.5
145,CK Kapugedera,46.0,9.2,5.585696017507576,15.0,3.0,-9.0,-1.8,-40.0,-8.0,40.0,8.0,16,3.2,8,0,0.0,0,4,0.8,3,15.333333333333334
146,CK Langeveldt,574.0,82.0,44.12104562073146,171.0,42.0,0.0,0.0,489.0,69.85714285714286,0.0,0.0,8,1.1428571428571428,8,13,1.8571428571428572,3,0,0.0,7,82.0
147,CL White,2036.0,43.319148936170215,52.57752304640004,234.0,-34.0,1343.0,28.574468085106382,-32.0,-0.6808510638297872,260.0,5.531914893617022,971,20.659574468085108,78,1,0.02127659574468085,1,22,0.46808510638297873,45,45.24444444444445
148,CM Gautam,398.0,30.615384615384617,19.500164364856268,64.0,-1.0,173.0,13.307692307692308,0.0,0.0,130.0,10.0,169,13.0,33,0,0.0,0,3,0.23076923076923078,13,30.615384615384617
149,CR Brathwaite,1012.0,63.25,69.65773467462175,251.0,-29.0,328.0,20.5,434.0,27.125,60.0,3.75,181,11.3125,43,16,1.0,3,5,0.3125,13,77.84615384615384
150,CR Woakes,1325.0,63.095238095238095,55.42914825423963,196.0,-12.0,59.0,2.8095238095238093,981.0,46.714285714285715,60.0,2.857142857142857,78,3.7142857142857144,18,31,1.4761904761904763,3,6,0.2857142857142857,21,63.095238095238095
151,CRD Fernando,953.0,95.3,100.89383859615347,361.0,-7.0,4.0,0.4,759.0,75.9,30.0,3.0,4,0.4,2,19,1.9,5,2,0.2,8,119.125
152,CV Varun,5394.0,64.98795180722891,67.54447387190011,334.0,-23.0,-27.0,-0.3253012048192771,4126.0,49.71084337349398,160.0,1.927710843373494,26,0.3132530120481928,10,102,1.2289156626506024,5,13,0.1566265060240964,78,69.15384615384616
153,D Brevis,1047.0,65.4375,52.99807386437108,196.0,-5.0,756.0,47.25,41.0,2.5625,90.0,5.625,455,28.4375,57,1,0.0625,1,9,0.5625,16,65.4375
154,D Ferreira,24.0,8.0,7.211102550927978,16.0,2.0,-1.0,-0.3333333333333333,0.0,0.0,10.0,3.3333333333333335,9,3.0,7,0,0.0,0,1,0.3333333333333333,3,8.0
155,D Jansen,41.0,41.0,,41.0,41.0,0.0,0.0,6.0,6.0,20.0,20.0,0,0.0,0,1,1.0,1,2,2.0,1,41.0
156,D Kalyankrishna,23.0,7.666666666666667,18.475208614068027,29.0,-3.0,-22.0,-7.333333333333333,10.0,3.3333333333333335,10.0,3.3333333333333335,3,1.0,3,2,0.6666666666666666,1,1,0.3333333333333333,3,7.666666666666667
157,D Padikkal,3675.0,49.66216216216216,54.74330559611632,309.0,-19.0,2485.0,33.58108108108108,0.0,0.0,300.0,4.054054054054054,1806,24.405405405405407,101,0,0.0,0,28,0.3783783783783784,69,53.26086956521739
158,D Pretorius,345.0,49.285714285714285,37.205350357685056,95.0,-20.0,78.0,11.142857142857142,162.0,23.142857142857142,40.0,5.714285714285714,44,6.285714285714286,22,7,1.0,2,3,0.42857142857142855,7,49.285714285714285
159,D Salunkhe,91.0,15.166666666666666,15.625833311112295,29.0,-15.0,48.0,8.0,-47.0,-7.833333333333333,20.0,3.3333333333333335,33,5.5,26,1,0.16666666666666666,1,2,0.3333333333333333,6,15.166666666666666
160,D Wiese,956.0,53.111111111111114,66.82539926501079,270.0,-11.0,184.0,10.222222222222221,532.0,29.555555555555557,70.0,3.888888888888889,148,8.222222222222221,47,17,0.9444444444444444,4,7,0.3888888888888889,16,59.75
161,D du Preez,153.0,76.5,71.4177848998413,127.0,26.0,-5.0,-2.5,138.0,69.0,0.0,0.0,10,5.0,10,4,2.0,3,0,0.0,2,76.5
162,DA Miller,6978.0,49.48936170212766,54.34566838058507,328.0,-18.0,4423.0,31.368794326241133,0.0,0.0,880.0,6.24113475177305,3077,21.822695035460992,101,0,0.0,0,80,0.5673758865248227,133,52.46616541353384
163,DA Warner,14442.0,78.48913043478261,75.81030317179379,417.0,-18.0,10892.0,59.19565217391305,0.0,0.0,940.0,5.108695652173913,6567,35.69021739130435,126,0,0.0,0,86,0.4673913043478261,175,82.52571428571429
164,DAJ Bracewell,158.0,158.0,,158.0,158.0,13.0,13.0,120.0,120.0,20.0,20.0,12,12.0,12,3,3.0,3,1,1.0,1,158.0
165,DB Das,729.0,23.516129032258064,17.45636649428499,75.0,2.0,344.0,11.096774193548388,0.0,0.0,90.0,2.903225806451613,304,9.806451612903226,35,0,0.0,0,7,0.22580645161290322,30,24.3
166,DB Ravi Teja,847.0,26.46875,27.84517607495347,134.0,-18.0,423.0,13.21875,14.0,0.4375,130.0,4.0625,375,11.71875,60,1,0.03125,1,11,0.34375,32,26.46875
167,DE Bollinger,2273.0,84.18518518518519,72.08543917678897,302.0,-9.0,14.0,0.5185185185185185,1764.0,65.33333333333333,70.0,2.5925925925925926,21,0.7777777777777778,16,43,1.5925925925925926,4,6,0.2222222222222222,23,98.82608695652173
168,DG Nalkande,176.0,29.333333333333332,24.44313127785936,51.0,-11.0,4.0,0.6666666666666666,102.0,17.0,20.0,3.3333333333333335,12,2.0,12,6,1.0,2,2,0.3333333333333333,5,35.2
169,DH Yagnik,727.0,29.08,23.302217347997882,75.0,-7.0,202.0,8.08,0.0,0.0,280.0,11.2,170,6.8,34,0,0.0,0,12,0.48,23,31.608695652173914
170,DJ Bravo,11685.0,73.03125,58.49285521869505,258.0,-17.0,2107.0,13.16875,6818.0,42.6125,830.0,5.1875,1560,9.75,70,207,1.29375,4,69,0.43125,141,82.87234042553192
171,DJ Harris,136.0,34.0,28.05946067431328,62.0,3.0,112.0,28.0,-16.0,-4.0,20.0,5.0,111,27.75,47,0,0.0,0,2,0.5,4,34.0
172,DJ Hooda,3891.0,31.128,37.766253924421356,198.0,-24.0,1894.0,15.152,102.0,0.816,600.0,4.8,1497,11.976,64,10,0.08,2,56,0.448,116,33.543103448275865
173,DJ Hussey,2828.0,44.1875,45.30702142578113,195.0,-18.0,1692.0,26.4375,116.0,1.8125,300.0,4.6875,1322,20.65625,71,10,0.15625,2,25,0.390625,62,45.61290322580645
174,DJ Jacobs,200.0,28.571428571428573,39.861665556677146,104.0,-20.0,35.0,5.0,0.0,0.0,90.0,12.857142857142858,92,13.142857142857142,32,0,0.0,0,3,0.42857142857142855,7,28.571428571428573
175,DJ Malan,44.0,44.0,,44.0,44.0,29.0,29.0,0.0,0.0,10.0,10.0,26,26.0,26,0,0.0,0,1,1.0,1,44.0
176,DJ Mitchell,694.0,46.266666666666666,45.5340793357281,171.0,3.0,464.0,30.933333333333334,-35.0,-2.3333333333333335,110.0,7.333333333333333,351,23.4,63,1,0.06666666666666667,1,11,0.7333333333333333,15,46.266666666666666
177,DJ Muthuswami,205.0,34.166666666666664,43.16209757028343,83.0,-21.0,1.0,0.16666666666666666,144.0,24.0,0.0,0.0,1,0.16666666666666666,1,4,0.6666666666666666,2,0,0.0,6,34.166666666666664
178,DJ Thornely,199.0,33.166666666666664,56.63008623220228,104.0,-30.0,-20.0,-3.3333333333333335,119.0,19.833333333333332,20.0,3.3333333333333335,39,6.5,30,3,0.5,2,2,0.3333333333333333,6,33.166666666666664
179,DJ Willey,469.0,42.63636363636363,43.5873209254084,132.0,-2.0,25.0,2.272727272727273,289.0,26.272727272727273,40.0,3.6363636363636362,53,4.818181818181818,20,7,0.6363636363636364,2,4,0.36363636363636365,11,42.63636363636363
180,DJG Sammy,1283.0,58.31818181818182,93.97891676613855,376.0,-15.0,371.0,16.863636363636363,522.0,23.727272727272727,130.0,5.909090909090909,295,13.409090909090908,60,14,0.6363636363636364,6,9,0.4090909090909091,21,61.095238095238095
181,DJM Short,233.0,33.285714285714285,27.626764110877975,84.0,5.0,131.0,18.714285714285715,17.0,2.4285714285714284,20.0,2.857142857142857,115,16.428571428571427,44,1,0.14285714285714285,1,2,0.2857142857142857,7,33.285714285714285
182,DL Chahar,4922.0,51.810526315789474,59.69965514295814,363.0,-23.0,223.0,2.3473684210526318,3404.0,35.83157894736842,140.0,1.4736842105263157,117,1.231578947368421,39,91,0.9578947368421052,5,13,0.1368421052631579,86,57.23255813953488
183,DL Vettori,2286.0,67.23529411764706,65.35221997737705,356.0,-11.0,126.0,3.7058823529411766,1600.0,47.05882352941177,150.0,4.411764705882353,121,3.5588235294117645,29,34,1.0,5,11,0.3235294117647059,31,73.74193548387096
184,DM Bravo,22.0,22.0,,22.0,22.0,7.0,7.0,0.0,0.0,0.0,0.0,6,6.0,6,0,0.0,0,0,0.0,1,22.0
185,DNT Zoysa,91.0,30.333333333333332,28.290163190291665,56.0,0.0,22.0,7.333333333333333,44.0,14.666666666666666,0.0,0.0,11,3.6666666666666665,10,2,0.6666666666666666,1,0,0.0,3,30.333333333333332
186,DP Conway,2355.0,81.20689655172414,86.05620227931811,255.0,-19.0,1760.0,60.689655172413794,0.0,0.0,110.0,3.793103448275862,1080,37.241379310344826,92,0,0.0,0,10,0.3448275862068966,27,87.22222222222223
187,DP Nannes,2089.0,72.03448275862068,59.655847970206025,213.0,-11.0,-21.0,-0.7241379310344828,1625.0,56.03448275862069,100.0,3.4482758620689653,4,0.13793103448275862,3,38,1.3103448275862069,4,8,0.27586206896551724,28,74.60714285714286
188,DP Vijaykumar,149.0,16.555555555555557,29.736808466575187,56.0,-21.0,1.0,0.1111111111111111,93.0,10.333333333333334,0.0,0.0,1,0.1111111111111111,1,4,0.4444444444444444,1,0,0.0,9,16.555555555555557
189,DPMD Jayawardene,3813.0,47.6625,54.289412854637376,315.0,-17.0,2393.0,29.9125,0.0,0.0,410.0,5.125,1808,22.6,110,0,0.0,0,33,0.4125,77,49.51948051948052
190,DR Martyn,10.0,10.0,,10.0,10.0,5.0,5.0,0.0,0.0,0.0,0.0,19,19.0,19,0,0.0,0,0,0.0,1,10.0
191,DR Sams,823.0,51.4375,61.239386835597884,199.0,-2.0,1.0,0.0625,532.0,33.25,100.0,6.25,44,2.75,15,15,0.9375,4,10,0.625,15,54.86666666666667
192,DR Shorey,10.0,5.0,14.142135623730951,15.0,-5.0,-10.0,-5.0,0.0,0.0,0.0,0.0,13,6.5,8,0,0.0,0,0,0.0,2,5.0
193,DR Smith,6167.0,67.76923076923077,70.26474964543063,303.0,-29.0,3694.0,40.59340659340659,548.0,6.021978021978022,440.0,4.835164835164835,2385,26.208791208791208,87,27,0.2967032967032967,4,41,0.45054945054945056,79,78.0632911392405
194,DS Kulkarni,4262.0,46.32608695652174,50.30633820544592,250.0,-24.0,60.0,0.6521739130434783,3122.0,33.93478260869565,200.0,2.1739130434782608,104,1.1304347826086956,28,91,0.9891304347826086,4,18,0.1956521739130435,87,48.98850574712644
195,DS Lehmann,31.0,15.5,13.435028842544403,25.0,6.0,11.0,5.5,0.0,0.0,0.0,0.0,18,9.0,17,0,0.0,0,0,0.0,2,15.5
196,DS Rathi,641.0,49.30769230769231,31.100333908670002,112.0,10.0,1.0,0.07692307692307693,445.0,34.23076923076923,30.0,2.3076923076923075,1,0.07692307692307693,1,14,1.0769230769230769,2,3,0.23076923076923078,13,49.30769230769231
197,DT Christian,2622.0,53.51020408163265,37.7111402909116,132.0,-24.0,551.0,11.244897959183673,1296.0,26.448979591836736,300.0,6.122448979591836,460,9.387755102040817,39,40,0.8163265306122449,2,26,0.5306122448979592,46,57.0
198,DT Patil,29.0,14.5,21.920310216782973,30.0,-1.0,-1.0,-0.5,0.0,0.0,20.0,10.0,13,6.5,9,0,0.0,0,2,1.0,2,14.5
199,DW Steyn,6331.0,66.6421052631579,58.6382555743033,263.0,-19.0,137.0,1.4421052631578948,4819.0,50.72631578947368,260.0,2.736842105263158,167,1.7578947368421052,19,105,1.105263157894737,3,22,0.23157894736842105,92,68.81521739130434
200,Dhruv Jurel,1702.0,41.51219512195122,40.59502552728568,142.0,-9.0,1107.0,27.0,0.0,0.0,200.0,4.878048780487805,680,16.585365853658537,70,0,0.0,0,19,0.4634146341463415,39,43.64102564102564
201,E Lewis,1348.0,49.925925925925924,52.48144428559482,202.0,-9.0,943.0,34.925925925925924,0.0,0.0,90.0,3.3333333333333335,654,24.22222222222222,65,0,0.0,0,9,0.3333333333333333,26,51.84615384615385
202,E Malinga,548.0,78.28571428571429,39.4365071379058,125.0,21.0,0.0,0.0,453.0,64.71428571428571,20.0,2.857142857142857,0,0.0,0,14,2.0,3,1,0.14285714285714285,7,78.28571428571429
203,EJG Morgan,3046.0,36.69879518072289,39.408967327852956,202.0,-8.0,1731.0,20.85542168674699,0.0,0.0,420.0,5.0602409638554215,1406,16.93975903614458,68,0,0.0,0,36,0.43373493975903615,80,38.075
204,ER Dwivedi,110.0,27.5,21.80978373727412,59.0,11.0,50.0,12.5,0.0,0.0,20.0,5.0,24,6.0,19,0,0.0,0,2,0.5,2,55.0
205,F Behardien,31.0,10.333333333333334,13.613718571108091,21.0,-5.0,6.0,2.0,0.0,0.0,10.0,3.3333333333333335,14,4.666666666666667,9,0,0.0,0,1,0.3333333333333333,3,10.333333333333334
206,F du Plessis,10401.0,67.53896103896103,60.49827233711927,257.0,-19.0,7431.0,48.253246753246756,-30.0,-0.19480519480519481,900.0,5.8441558441558445,4773,30.993506493506494,96,0,0.0,0,85,0.551948051948052,139,74.8273381294964
207,FA Allen,101.0,20.2,18.939376969689366,49.0,5.0,-20.0,-4.0,56.0,11.2,20.0,4.0,14,2.8,8,2,0.4,1,2,0.4,5,20.2
208,FH Edwards,364.0,60.666666666666664,41.25853447066033,96.0,-19.0,4.0,0.6666666666666666,290.0,48.333333333333336,0.0,0.0,4,0.6666666666666666,3,6,1.0,2,0,0.0,6,60.666666666666664
209,FY Fazal,333.0,27.75,35.54031002064609,87.0,-20.0,142.0,11.833333333333334,1.0,0.08333333333333333,70.0,5.833333333333333,183,15.25,45,1,0.08333333333333333,1,6,0.5,12,27.75
210,Fazalhaq Farooqi,170.0,14.166666666666666,40.190078679226595,82.0,-32.0,-20.0,-1.6666666666666667,110.0,9.166666666666666,10.0,0.8333333333333334,5,0.4166666666666667,2,6,0.5,2,1,0.08333333333333333,12,14.166666666666666
211,G Coetzee,552.0,39.42857142857143,61.75100657630459,185.0,-32.0,32.0,2.2857142857142856,370.0,26.428571428571427,30.0,2.142857142857143,31,2.2142857142857144,12,15,1.0714285714285714,4,3,0.21428571428571427,13,42.46153846153846
212,G Gambhir,8427.0,54.72077922077922,58.56302082832794,262.0,-20.0,5797.0,37.642857142857146,0.0,0.0,360.0,2.3376623376623376,4217,27.383116883116884,93,0,0.0,0,28,0.18181818181818182,144,58.520833333333336
213,GB Hogg,1237.0,58.904761904761905,56.6002692236572,218.0,-14.0,13.0,0.6190476190476191,989.0,47.095238095238095,50.0,2.380952380952381,22,1.0476190476190477,13,25,1.1904761904761905,4,4,0.19047619047619047,21,58.904761904761905
214,GC Smith,1371.0,47.275862068965516,67.3428841037334,231.0,-18.0,886.0,30.551724137931036,0.0,0.0,70.0,2.413793103448276,739,25.482758620689655,91,0,0.0,0,7,0.2413793103448276,28,48.964285714285715
215,GC Viljoen,286.0,47.666666666666664,41.84574848974106,114.0,1.0,3.0,0.5,233.0,38.833333333333336,0.0,0.0,3,0.5,2,8,1.3333333333333333,3,0,0.0,6,47.666666666666664
216,GD McGrath,888.0,63.42857142857143,62.04057516684518,245.0,3.0,5.0,0.35714285714285715,673.0,48.07142857142857,20.0,1.4285714285714286,4,0.2857142857142857,4,14,1.0,4,2,0.14285714285714285,13,68.3076923076923
217,GD Phillips,295.0,36.875,55.873421997531935,147.0,-16.0,105.0,13.125,60.0,7.5,20.0,2.5,65,8.125,25,2,0.25,1,2,0.25,8,36.875
218,GH Vihari,601.0,25.041666666666668,44.518173296117936,160.0,-19.0,114.0,4.75,67.0,2.7916666666666665,80.0,3.3333333333333335,284,11.833333333333334,46,1,0.041666666666666664,1,6,0.25,23,26.130434782608695
219,GHS Garton,128.0,25.6,21.824298385056963,55.0,-1.0,2.0,0.4,61.0,12.2,10.0,2.0,2,0.4,2,3,0.6,1,1,0.2,4,32.0
220,GJ Bailey,1470.0,36.75,37.536819531132636,186.0,1.0,860.0,21.5,0.0,0.0,170.0,4.25,663,16.575,61,0,0.0,0,11,0.275,37,39.729729729729726
221,GJ Maxwell,8493.0,60.234042553191486,67.14075176159754,279.0,-50.0,4770.0,33.829787234042556,1298.0,9.205673758865249,590.0,4.184397163120567,2820,20.0,95,45,0.3191489361702128,2,52,0.36879432624113473,134,63.38059701492537
222,GR Napier,59.0,59.0,,59.0,59.0,6.0,6.0,38.0,38.0,0.0,0.0,15,15.0,15,1,1.0,1,0,0.0,1,59.0
223,GS Sandhu,24.0,8.0,29.614185789921695,39.0,-20.0,0.0,0.0,-1.0,-0.3333333333333333,0.0,0.0,0,0.0,0,1,0.3333333333333333,1,0,0.0,3,8.0
224,Gagandeep Singh,125.0,31.25,15.924300089276556,45.0,9.0,0.0,0.0,65.0,16.25,0.0,0.0,0,0.0,0,3,0.75,1,0,0.0,4,31.25
225,Gulbadin Naib,33.0,16.5,28.991378028648448,37.0,-4.0,22.0,11.0,-29.0,-14.5,10.0,5.0,19,9.5,19,0,0.0,0,1,0.5,2,16.5
226,Gurkeerat Singh,1399.0,34.1219512195122,35.74926231543192,174.0,-2.0,638.0,15.560975609756097,166.0,4.048780487804878,230.0,5.609756097560975,511,12.463414634146341,65,5,0.12195121951219512,2,20,0.4878048780487805,41,34.1219512195122
227,Gurnoor Brar,-18.0,-18.0,,-18.0,-18.0,0.0,0.0,-23.0,-23.0,0.0,0.0,0,0.0,0,0,0.0,0,0,0.0,1,-18.0
228,H Das,7.0,7.0,,7.0,7.0,2.0,2.0,0.0,0.0,0.0,0.0,2,2.0,2,0,0.0,0,0,0.0,1,7.0
229,H Klaasen,3681.0,75.12244897959184,66.62351707325938,325.0,1.0,2736.0,55.83673469387755,0.0,0.0,430.0,8.775510204081632,1480,30.20408163265306,105,0,0.0,0,21,0.42857142857142855,45,81.8
230,H Sharma,-38.0,-19.0,8.48528137423857,-13.0,-25.0,0.0,0.0,-48.0,-24.0,0.0,0.0,0,0.0,0,0,0.0,0,0,0.0,2,-19.0
231,HC Brook,441.0,40.09090909090909,86.4967682002681,298.0,4.0,276.0,25.09090909090909,0.0,0.0,30.0,2.727272727272727,190,17.272727272727273,100,0,0.0,0,3,0.2727272727272727,11,40.09090909090909
232,HE van der Dussen,34.0,11.333333333333334,7.571877794400365,20.0,6.0,-1.0,-0.3333333333333333,0.0,0.0,10.0,3.3333333333333335,22,7.333333333333333,12,0,0.0,0,0,0.0,3,11.333333333333334
233,HF Gurney,311.0,38.875,48.32756533727487,134.0,-11.0,1.0,0.125,190.0,23.75,0.0,0.0,1,0.125,1,7,0.875,2,0,0.0,8,38.875
234,HH Gibbs,1651.0,45.861111111111114,44.1627850944841,174.0,-20.0,1001.0,27.805555555555557,0.0,0.0,270.0,7.5,886,24.61111111111111,69,0,0.0,0,22,0.6111111111111112,33,50.03030303030303
235,HH Pandya,9585.0,63.05921052631579,64.51122737671906,302.0,-23.0,4480.0,29.473684210526315,2315.0,15.230263157894736,720.0,4.7368421052631575,2758,18.144736842105264,91,84,0.5526315789473685,5,65,0.4276315789473684,136,70.4779411764706
236,HM Amla,1294.0,80.875,93.73642123884753,244.0,-5.0,1044.0,65.25,0.0,0.0,0.0,0.0,577,36.0625,104,0,0.0,0,0,0.0,16,80.875
237,HR Shokeen,313.0,24.076923076923077,27.798265948500994,82.0,-19.0,50.0,3.8461538461538463,68.0,5.230769230769231,60.0,4.615384615384615,66,5.076923076923077,25,5,0.38461538461538464,2,5,0.38461538461538464,12,26.083333333333332
238,HV Patel,7693.0,65.19491525423729,68.2171317774463,431.0,-23.0,261.0,2.211864406779661,5642.0,47.813559322033896,350.0,2.9661016949152543,270,2.288135593220339,36,168,1.423728813559322,6,26,0.22033898305084745,113,68.07964601769912
239,Harbhajan Singh,10614.0,65.11656441717791,63.38666298926008,345.0,-22.0,1266.0,7.766871165644171,6713.0,41.1840490797546,480.0,2.9447852760736195,833,5.110429447852761,64,161,0.9877300613496932,5,38,0.2331288343558282,148,71.71621621621621
240,Harmeet Singh,1562.0,55.785714285714285,56.68911786803606,186.0,-21.0,51.0,1.8214285714285714,1061.0,37.892857142857146,60.0,2.142857142857143,18,0.6428571428571429,14,31,1.1071428571428572,3,3,0.10714285714285714,24,65.08333333333333
241,Harpreet Brar,2297.0,46.87755102040816,67.0865835609293,279.0,-24.0,283.0,5.775510204081633,1209.0,24.6734693877551,140.0,2.857142857142857,244,4.979591836734694,29,35,0.7142857142857143,4,14,0.2857142857142857,48,47.854166666666664
242,Harpreet Singh,204.0,22.666666666666668,26.972207918522354,84.0,1.0,109.0,12.11111111111111,0.0,0.0,30.0,3.3333333333333335,123,13.666666666666666,41,0,0.0,0,3,0.3333333333333333,9,22.666666666666668
243,Harsh Dubey,203.0,67.66666666666667,66.98009654616313,145.0,28.0,0.0,0.0,158.0,52.666666666666664,0.0,0.0,0,0.0,0,5,1.6666666666666667,3,0,0.0,3,67.66666666666667
244,Harshit Rana,1712.0,51.878787878787875,47.18895367016363,153.0,-21.0,40.0,1.2121212121212122,1217.0,36.878787878787875,110.0,3.3333333333333335,59,1.7878787878787878,34,42,1.2727272727272727,3,11,0.3333333333333333,31,55.225806451612904
245,Himmat Singh,45.0,15.0,10.0,25.0,5.0,0.0,0.0,0.0,0.0,10.0,3.3333333333333335,0,0.0,0,0,0.0,0,1,0.3333333333333333,3,15.0
246,I Malhotra,-17.0,-17.0,,-17.0,-17.0,8.0,8.0,-30.0,-30.0,0.0,0.0,7,7.0,7,0,0.0,0,0,0.0,1,-17.0
247,I Sharma,5089.0,43.495726495726494,53.6530398810382,367.0,-23.0,5.0,0.042735042735042736,3539.0,30.247863247863247,230.0,1.9658119658119657,57,0.48717948717948717,10,100,0.8547008547008547,5,20,0.17094017094017094,114,44.64035087719298
248,I Udana,323.0,32.3,32.48948547863857,83.0,-19.0,18.0,1.8,175.0,17.5,30.0,3.0,15,1.5,10,8,0.8,2,3,0.3,10,32.3
249,IC Pandey,1057.0,42.28,33.596279555927026,99.0,-23.0,0.0,0.0,692.0,27.68,60.0,2.4,0,0.0,0,19,0.76,2,6,0.24,23,45.95652173913044
250,IC Porel,22.0,22.0,,22.0,22.0,0.0,0.0,17.0,17.0,0.0,0.0,0,0.0,0,1,1.0,1,0,0.0,1,22.0
251,IK Pathan,6504.0,63.14563106796116,52.9584387111752,206.0,-32.0,1314.0,12.757281553398059,3775.0,36.650485436893206,360.0,3.495145631067961,1150,11.16504854368932,60,99,0.9611650485436893,3,28,0.27184466019417475,101,64.39603960396039
252,IR Jaggi,77.0,11.0,19.790570145063196,36.0,-8.0,2.0,0.2857142857142857,0.0,0.0,20.0,2.857142857142857,76,10.857142857142858,28,0,0.0,0,2,0.2857142857142857,5,15.4
253,IS Sodhi,441.0,55.125,31.858784390763294,117.0,19.0,-33.0,-4.125,404.0,50.5,0.0,0.0,7,0.875,6,9,1.125,3,0,0.0,7,63.0
254,Imran Tahir,4110.0,69.66101694915254,65.98343840522081,244.0,-32.0,8.0,0.13559322033898305,3377.0,57.23728813559322,80.0,1.3559322033898304,33,0.559322033898305,13,86,1.4576271186440677,4,8,0.13559322033898305,56,73.39285714285714
255,Iqbal Abdulla,2595.0,52.95918367346939,50.960343725813516,239.0,-2.0,69.0,1.4081632653061225,1731.0,35.326530612244895,170.0,3.4693877551020407,88,1.7959183673469388,33,45,0.9183673469387755,3,12,0.24489795918367346,44,58.97727272727273
256,Ishan Kishan,6929.0,58.226890756302524,65.62792359586666,334.0,-18.0,4654.0,39.109243697478995,0.0,0.0,820.0,6.890756302521009,2998,25.19327731092437,106,0,0.0,0,60,0.5042016806722689,113,61.31858407079646
257,J Arunkumar,33.0,11.0,19.0,32.0,-5.0,18.0,6.0,0.0,0.0,0.0,0.0,23,7.666666666666667,22,0,0.0,0,0,0.0,3,11.0
258,J Botha,2252.0,66.23529411764706,62.11721999259017,291.0,-23.0,438.0,12.882352941176471,1234.0,36.294117647058826,190.0,5.588235294117647,409,12.029411764705882,67,27,0.7941176470588235,3,16,0.47058823529411764,34,66.23529411764706
259,J Fraser-McGurk,1114.0,74.26666666666667,73.57354597045507,272.0,-5.0,809.0,53.93333333333333,0.0,0.0,80.0,5.333333333333333,385,25.666666666666668,84,0,0.0,0,6,0.4,15,74.26666666666667
260,J Little,667.0,60.63636363636363,61.85834256957218,164.0,-24.0,0.0,0.0,442.0,40.18181818181818,50.0,4.545454545454546,0,0.0,0,13,1.1818181818181819,4,5,0.45454545454545453,9,74.11111111111111
261,J Overton,-38.0,-12.666666666666666,3.0550504633038935,-10.0,-16.0,18.0,6.0,-81.0,-27.0,0.0,0.0,15,5.0,11,0,0.0,0,0,0.0,3,-12.666666666666666
262,J Suchith,1067.0,48.5,40.75799658612143,113.0,-23.0,97.0,4.409090909090909,620.0,28.181818181818183,110.0,5.0,70,3.1818181818181817,34,20,0.9090909090909091,2,9,0.4090909090909091,20,53.35
263,J Syed Mohammad,415.0,37.72727272727273,33.876513719953266,84.0,-15.0,23.0,2.090909090909091,237.0,21.545454545454547,30.0,2.727272727272727,29,2.6363636363636362,13,10,0.9090909090909091,2,1,0.09090909090909091,9,46.111111111111114
264,J Theron,699.0,69.9,105.42975544566785,359.0,-12.0,1.0,0.1,528.0,52.8,40.0,4.0,10,1.0,7,13,1.3,5,1,0.1,10,69.9
265,J Yadav,742.0,37.1,28.51758460281914,88.0,-12.0,19.0,0.95,453.0,22.65,50.0,2.5,40,2.0,23,9,0.45,2,5,0.25,18,41.22222222222222
266,JA Morkel,6167.0,68.52222222222223,60.209788255297944,241.0,-27.0,1571.0,17.455555555555556,3346.0,37.17777777777778,230.0,2.5555555555555554,975,10.833333333333334,73,96,1.0666666666666667,4,17,0.18888888888888888,78,79.06410256410257
267,JA Richardson,104.0,26.0,34.57359300583804,73.0,-5.0,4.0,1.0,60.0,15.0,10.0,2.5,17,4.25,15,3,0.75,2,1,0.25,4,26.0
268,JC Archer,3550.0,68.26923076923077,57.44395918158414,215.0,-13.0,487.0,9.365384615384615,2423.0,46.59615384615385,80.0,1.5384615384615385,262,5.038461538461538,30,61,1.1730769230769231,3,8,0.15384615384615385,51,69.6078431372549
269,JC Buttler,9809.0,81.06611570247934,87.9657826977049,331.0,-18.0,7134.0,58.95867768595041,0.0,0.0,740.0,6.115702479338843,4121,34.05785123966942,124,0,0.0,0,63,0.5206611570247934,118,83.12711864406779
270,JD Ryder,1620.0,55.86206896551724,63.80759254975128,189.0,-22.0,896.0,30.896551724137932,329.0,11.344827586206897,100.0,3.4482758620689653,604,20.82758620689655,86,11,0.3793103448275862,3,10,0.3448275862068966,29,55.86206896551724
271,JD Unadkat,5733.0,51.1875,65.82498379028277,338.0,-25.0,257.0,2.294642857142857,3826.0,34.160714285714285,260.0,2.3214285714285716,197,1.7589285714285714,26,121,1.0803571428571428,5,19,0.16964285714285715,107,53.57943925233645
272,JDP Oram,751.0,41.72222222222222,46.937762992831715,174.0,-25.0,62.0,3.4444444444444446,349.0,19.38888888888889,90.0,5.0,106,5.888888888888889,41,13,0.7222222222222222,3,7,0.3888888888888889,17,44.1764705882353
273,JDS Neesham,365.0,26.071428571428573,53.50839515111953,178.0,-25.0,52.0,3.7142857142857144,153.0,10.928571428571429,20.0,1.4285714285714286,92,6.571428571428571,22,8,0.5714285714285714,3,2,0.14285714285714285,14,26.071428571428573
274,JE Root,42.0,14.0,19.157244060668017,36.0,1.0,-4.0,-1.3333333333333333,1.0,0.3333333333333333,20.0,6.666666666666667,10,3.3333333333333335,10,0,0.0,0,2,0.6666666666666666,3,14.0
275,JE Taylor,246.0,49.2,48.03852620553632,128.0,13.0,3.0,0.6,218.0,43.6,0.0,0.0,3,0.6,2,6,1.2,3,0,0.0,5,49.2
276,JEC Franklin,854.0,42.7,56.47551868311008,204.0,-19.0,355.0,17.75,149.0,7.45,60.0,3.0,327,16.35,79,9,0.45,2,6,0.3,17,50.23529411764706
277,JG Bethell,187.0,93.5,47.37615433949868,127.0,60.0,147.0,73.5,0.0,0.0,10.0,5.0,67,33.5,55,0,0.0,0,1,0.5,2,93.5
278,JH Kallis,7441.0,75.92857142857143,69.70027880847667,271.0,-24.0,2930.0,29.897959183673468,2661.0,27.153061224489797,360.0,3.673469387755102,2427,24.76530612244898,89,74,0.7551020408163265,3,30,0.30612244897959184,91,81.76923076923077
279,JJ Bumrah,11278.0,77.77931034482759,78.23384364319409,353.0,-22.0,50.0,0.3448275862068966,9083.0,62.641379310344824,170.0,1.1724137931034482,68,0.4689655172413793,16,203,1.4,5,14,0.09655172413793103,135,83.54074074074074
280,JJ Roy,1301.0,61.95238095238095,70.55528058939046,269.0,-18.0,926.0,44.095238095238095,0.0,0.0,100.0,4.761904761904762,614,29.238095238095237,91,0,0.0,0,10,0.47619047619047616,21,61.95238095238095
281,JJ van der Wath,95.0,31.666666666666668,37.16629297271028,57.0,-11.0,21.0,7.0,59.0,19.666666666666668,0.0,0.0,18,6.0,14,3,1.0,2,0,0.0,3,31.666666666666668
282,JL Denly,-5.0,-5.0,,-5.0,-5.0,-10.0,-10.0,0.0,0.0,0.0,0.0,0,0.0,0,0,0.0,0,0,0.0,1,-5.0
283,JL Pattinson,464.0,46.4,44.570044748562786,92.0,-16.0,17.0,1.7,317.0,31.7,20.0,2.0,15,1.5,11,11,1.1,2,2,0.2,10,46.4
284,JM Bairstow,3930.0,75.57692307692308,80.33419074162391,345.0,-19.0,2760.0,53.07692307692308,0.0,0.0,400.0,7.6923076923076925,1674,32.19230769230769,114,0,0.0,0,29,0.5576923076923077,50,78.6
285,JM Kemp,164.0,32.8,70.43223693735703,153.0,-16.0,14.0,2.8,85.0,17.0,10.0,2.0,26,5.2,22,3,0.6,3,1,0.2,5,32.8
286,JM Sharma,2892.0,52.58181818181818,43.920252187214864,270.0,-8.0,1657.0,30.12727272727273,0.0,0.0,630.0,11.454545454545455,991,18.01818181818182,85,0,0.0,0,44,0.8,53,54.56603773584906
287,JO Holder,2959.0,64.32608695652173,66.72765688405907,271.0,-24.0,278.0,6.043478260869565,1991.0,43.28260869565217,170.0,3.6956521739130435,259,5.630434782608695,47,59,1.2826086956521738,4,14,0.30434782608695654,43,68.81395348837209
288,JP Behrendorff,920.0,54.11764705882353,56.237090021778755,203.0,-19.0,6.0,0.35294117647058826,709.0,41.705882352941174,20.0,1.1764705882352942,6,0.35294117647058826,3,22,1.2941176470588236,4,2,0.11764705882352941,15,61.333333333333336
289,JP Duminy,4902.0,59.06024096385542,59.32205393332278,364.0,-19.0,2783.0,33.53012048192771,854.0,10.289156626506024,310.0,3.7349397590361444,2029,24.44578313253012,78,23,0.27710843373493976,4,28,0.3373493975903614,81,60.51851851851852
290,JP Faulkner,4533.0,75.55,83.82273972446411,338.0,-23.0,714.0,11.9,2739.0,45.65,240.0,4.0,527,8.783333333333333,46,76,1.2666666666666666,5,16,0.26666666666666666,57,79.52631578947368
291,JP Inglis,771.0,64.25,56.56070753061383,203.0,4.0,491.0,40.916666666666664,0.0,0.0,110.0,9.166666666666666,278,23.166666666666668,73,0,0.0,0,9,0.75,9,85.66666666666667
292,JPR Scantlebury-Searles,87.0,21.75,20.2875166871979,47.0,-2.0,10.0,2.5,-23.0,-5.75,40.0,10.0,8,2.0,6,2,0.5,1,4,1.0,3,29.0
293,JR Hazlewood,2686.0,68.87179487179488,65.76080238944917,240.0,-31.0,-15.0,-0.38461538461538464,2166.0,55.53846153846154,20.0,0.5128205128205128,19,0.48717948717948717,7,58,1.4871794871794872,4,2,0.05128205128205128,33,81.39393939393939
294,JR Hopes,1218.0,58.0,50.311032587296395,169.0,-10.0,658.0,31.333333333333332,315.0,15.0,50.0,2.380952380952381,417,19.857142857142858,71,14,0.6666666666666666,2,5,0.23809523809523808,20,60.9
295,JR Philippe,109.0,21.8,25.053941805632103,54.0,-5.0,74.0,14.8,0.0,0.0,0.0,0.0,78,15.6,33,0,0.0,0,0,0.0,5,21.8
296,JW Hastings,186.0,62.0,59.09314681077663,128.0,14.0,0.0,0.0,161.0,53.666666666666664,0.0,0.0,0,0.0,0,3,1.0,2,0,0.0,3,62.0
297,Jalaj S Saxena,0.0,0.0,,0.0,0.0,0.0,0.0,-5.0,-5.0,0.0,0.0,0,0.0,0,0,0.0,0,0,0.0,1,0.0
298,Jaskaran Singh,157.0,19.625,35.95210107112756,73.0,-24.0,8.0,1.0,89.0,11.125,0.0,0.0,8,1.0,4,6,0.75,2,0,0.0,8,19.625
299,Joginder Sharma,512.0,32.0,38.396180365586716,103.0,-25.0,31.0,1.9375,271.0,16.9375,70.0,4.375,36,2.25,16,13,0.8125,2,5,0.3125,16,32.0
300,K Goel,387.0,17.59090909090909,21.18323481504742,77.0,-30.0,128.0,5.818181818181818,-41.0,-1.8636363636363635,100.0,4.545454545454546,218,9.909090909090908,38,0,0.0,0,9,0.4090909090909091,22,17.59090909090909
301,K Gowtham,1537.0,42.69444444444444,45.843098526819524,134.0,-24.0,411.0,11.416666666666666,646.0,17.944444444444443,160.0,4.444444444444445,247,6.861111111111111,33,22,0.6111111111111112,2,16,0.4444444444444444,34,45.205882352941174
302,K Kartikeya,523.0,32.6875,30.541160750698392,93.0,-9.0,-12.0,-0.75,345.0,21.5625,10.0,0.625,12,0.75,6,12,0.75,2,1,0.0625,15,34.86666666666667
303,K Khejroliya,166.0,20.75,43.888657825391356,92.0,-24.0,0.0,0.0,86.0,10.75,10.0,1.25,0,0.0,0,6,0.75,2,1,0.125,8,20.75
304,K Rabada,5918.0,70.45238095238095,63.970325342171314,254.0,-33.0,199.0,2.369047619047619,4519.0,53.79761904761905,290.0,3.4523809523809526,215,2.5595238095238093,44,128,1.5238095238095237,4,26,0.30952380952380953,79,74.9113924050633
305,K Santokie,95.0,47.5,19.091883092036785,61.0,34.0,0.0,0.0,55.0,27.5,10.0,5.0,0,0.0,0,3,1.5,2,1,0.5,2,47.5
306,K Upadhyay,29.0,9.666666666666666,8.020806277010642,18.0,2.0,14.0,4.666666666666667,-10.0,-3.3333333333333335,10.0,3.3333333333333335,12,4.0,11,0,0.0,0,1,0.3333333333333333,3,9.666666666666666
307,K Yadav,58.0,19.333333333333332,26.27419519858474,49.0,-1.0,0.0,0.0,33.0,11.0,0.0,0.0,0,0.0,0,2,0.6666666666666666,1,0,0.0,3,19.333333333333332
308,KA Jamieson,609.0,46.84615384615385,45.44932370939116,126.0,-42.0,61.0,4.6923076923076925,383.0,29.46153846153846,20.0,1.5384615384615385,65,5.0,16,14,1.0769230769230769,3,2,0.15384615384615385,10,60.9
309,KA Maharaj,102.0,51.0,74.95331880577403,104.0,-2.0,1.0,0.5,71.0,35.5,10.0,5.0,1,0.5,1,2,1.0,2,1,0.5,2,51.0
310,KA Pollard,11126.0,58.86772486772487,68.60245068515415,371.0,-22.0,5396.0,28.55026455026455,1925.0,10.185185185185185,1100.0,5.8201058201058204,3437,18.185185185185187,87,81,0.42857142857142855,4,97,0.5132275132275133,171,65.06432748538012
311,KAJ Roach,1.0,0.5,13.435028842544403,10.0,-9.0,1.0,0.5,-20.0,-10.0,10.0,5.0,10,5.0,10,0,0.0,0,1,0.5,2,0.5
312,KB Arun Karthik,402.0,23.647058823529413,14.953850576317242,57.0,2.0,37.0,2.176470588235294,0.0,0.0,190.0,11.176470588235293,51,3.0,19,0,0.0,0,11,0.6470588235294118,17,23.647058823529413
313,KC Cariappa,354.0,32.18181818181818,37.64257744049465,100.0,-13.0,38.0,3.4545454545454546,201.0,18.272727272727273,20.0,1.8181818181818181,24,2.1818181818181817,12,8,0.7272727272727273,2,2,0.18181818181818182,11,32.18181818181818
314,KC Sangakkara,3871.0,54.521126760563384,58.9725987593099,251.0,-17.0,2246.0,31.633802816901408,0.0,0.0,740.0,10.422535211267606,1687,23.760563380281692,94,0,0.0,0,45,0.6338028169014085,70,55.3
315,KD Karthik,12691.0,49.38132295719844,46.18570828519841,258.0,-30.0,7116.0,27.688715953307394,0.0,0.0,2650.0,10.311284046692608,4843,18.844357976653697,97,0,0.0,0,145,0.5642023346303502,239,53.10041841004184
316,KH Devdhar,35.0,35.0,,35.0,35.0,0.0,0.0,0.0,0.0,20.0,20.0,0,0.0,0,0,0.0,0,0,0.0,1,35.0
317,KH Pandya,8273.0,58.26056338028169,67.47741198918618,396.0,-28.0,2274.0,16.014084507042252,3519.0,24.781690140845072,490.0,3.4507042253521125,1756,12.366197183098592,86,97,0.6830985915492958,4,47,0.33098591549295775,131,63.152671755725194
318,KJ Abbott,68.0,13.6,17.06751299984857,32.0,-11.0,35.0,7.0,-2.0,-0.4,0.0,0.0,13,2.6,12,2,0.4,1,0,0.0,5,13.6
319,KK Ahmed,3870.0,54.50704225352113,48.35283216389312,183.0,-22.0,2.0,0.028169014084507043,3073.0,43.28169014084507,70.0,0.9859154929577465,2,0.028169014084507043,1,94,1.323943661971831,3,5,0.07042253521126761,69,56.08695652173913
320,KK Cooper,2015.0,80.6,68.49087530467105,251.0,-22.0,226.0,9.04,1344.0,53.76,150.0,6.0,116,4.64,32,36,1.44,4,11,0.44,23,87.6086956521739
321,KK Nair,3697.0,44.01190476190476,51.21099610073383,232.0,-17.0,2427.0,28.892857142857142,0.0,0.0,330.0,3.9285714285714284,1694,20.166666666666668,89,0,0.0,0,25,0.2976190476190476,83,44.54216867469879
322,KL Nagarkoti,223.0,18.583333333333332,40.75081334008915,110.0,-23.0,-7.0,-0.5833333333333334,60.0,5.0,40.0,3.3333333333333335,22,1.8333333333333333,8,5,0.4166666666666667,2,4,0.3333333333333333,12,18.583333333333332
323,KL Rahul,11729.0,80.33561643835617,79.21792529622368,395.0,-18.0,8529.0,58.417808219178085,0.0,0.0,1050.0,7.191780821917808,5235,35.85616438356164,132,0,0.0,0,81,0.5547945205479452,143,82.02097902097903
324,KM Asif,221.0,31.571428571428573,24.213337528843773,53.0,-18.0,0.0,0.0,146.0,20.857142857142858,10.0,1.4285714285714286,0,0.0,0,7,1.0,2,1,0.14285714285714285,7,31.571428571428573
325,KM Jadhav,2810.0,29.57894736842105,35.91674147287189,199.0,-17.0,1385.0,14.578947368421053,0.0,0.0,520.0,5.473684210526316,1208,12.715789473684211,69,0,0.0,0,31,0.3263157894736842,95,29.57894736842105
326,KMA Paul,543.0,67.875,97.01610691014147,234.0,-23.0,-19.0,-2.375,372.0,46.5,50.0,6.25,18,2.25,7,10,1.25,4,5,0.625,6,90.5
327,KMDN Kulasekara,396.0,79.2,50.65273931388114,164.0,41.0,6.0,1.2,245.0,49.0,40.0,8.0,5,1.0,5,6,1.2,2,3,0.6,5,79.2
328,KP Appanna,525.0,40.38461538461539,60.54411402927409,219.0,-15.0,2.0,0.15384615384615385,358.0,27.53846153846154,40.0,3.076923076923077,2,0.15384615384615385,1,11,0.8461538461538461,4,1,0.07692307692307693,13,40.38461538461539
329,KP Pietersen,2406.0,66.83333333333333,63.481605884809554,307.0,-5.0,1532.0,42.55555555555556,264.0,7.333333333333333,140.0,3.888888888888889,1001,27.805555555555557,103,9,0.25,2,12,0.3333333333333333,34,70.76470588235294
330,KR Mayers,725.0,55.76923076923077,61.713253366077225,169.0,-25.0,596.0,45.84615384615385,-16.0,-1.2307692307692308,20.0,1.5384615384615385,379,29.153846153846153,73,0,0.0,0,2,0.15384615384615385,12,60.416666666666664
331,KR Sen,613.0,51.083333333333336,64.8108553384151,216.0,-23.0,0.0,0.0,463.0,38.583333333333336,30.0,2.5,0,0.0,0,14,1.1666666666666667,4,3,0.25,12,51.083333333333336
332,KS Bharat,472.0,47.2,69.75162284053962,224.0,5.0,262.0,26.2,0.0,0.0,60.0,6.0,199,19.9,78,0,0.0,0,4,0.4,9,52.44444444444444
333,KS Rathore,-5.0,-5.0,,-5.0,-5.0,-10.0,-10.0,0.0,0.0,0.0,0.0,0,0.0,0,0,0.0,0,0,0.0,1,-5.0
334,KS Sharma,27.0,9.0,9.539392014169456,18.0,-1.0,2.0,0.6666666666666666,0.0,0.0,0.0,0.0,16,5.333333333333333,9,0,0.0,0,0,0.0,3,9.0
335,KS Williamson,4534.0,57.392405063291136,56.72005427502715,245.0,-22.0,3067.0,38.822784810126585,-28.0,-0.35443037974683544,410.0,5.189873417721519,2132,26.9873417721519,89,0,0.0,0,40,0.5063291139240507,72,62.97222222222222
336,KT Maphaka,42.0,10.5,19.70617500514327,22.0,-19.0,10.0,2.5,-18.0,-4.5,20.0,5.0,8,2.0,8,2,0.5,1,2,0.5,4,10.5
337,KV Sharma,4548.0,50.53333333333333,57.08719921844775,276.0,-32.0,451.0,5.011111111111111,2877.0,31.966666666666665,200.0,2.2222222222222223,352,3.911111111111111,39,89,0.9888888888888889,5,18,0.2,84,54.142857142857146
338,KW Richardson,979.0,65.26666666666667,53.73807730446775,216.0,5.0,35.0,2.3333333333333335,749.0,49.93333333333333,60.0,4.0,36,2.4,26,21,1.4,4,5,0.3333333333333333,15,65.26666666666667
339,Kamran Akmal,467.0,77.83333333333333,43.1759964177628,158.0,32.0,237.0,39.5,0.0,0.0,150.0,25.0,128,21.333333333333332,53,0,0.0,0,5,0.8333333333333334,5,93.4
340,Kamran Khan,691.0,76.77777777777777,107.4811352956622,276.0,-20.0,3.0,0.3333333333333333,573.0,63.666666666666664,60.0,6.666666666666667,3,0.3333333333333333,3,14,1.5555555555555556,5,4,0.4444444444444444,9,76.77777777777777
341,Karanveer Singh,557.0,61.888888888888886,61.00705787948728,154.0,-35.0,-2.0,-0.2222222222222222,464.0,51.55555555555556,20.0,2.2222222222222223,12,1.3333333333333333,5,14,1.5555555555555556,4,2,0.2222222222222222,6,92.83333333333333
342,Karim Janat,-25.0,-25.0,,-25.0,-25.0,0.0,0.0,-30.0,-30.0,0.0,0.0,0,0.0,0,0,0.0,0,0,0.0,1,-25.0
343,Kartik Tyagi,572.0,28.6,40.65697324794617,148.0,-24.0,14.0,0.7,308.0,15.4,30.0,1.5,13,0.65,7,16,0.8,2,3,0.15,20,28.6
344,Kuldeep Yadav,5361.0,54.15151515151515,62.367142650395394,263.0,-41.0,70.0,0.7070707070707071,3826.0,38.64646464646464,160.0,1.6161616161616161,201,2.0303030303030303,35,106,1.0707070707070707,4,13,0.13131313131313133,96,55.84375
345,Kumar Kushagra,33.0,8.25,10.04572877727976,17.0,-5.0,-7.0,-1.75,0.0,0.0,10.0,2.5,3,0.75,2,0,0.0,0,1,0.25,4,8.25
346,L Ablish,185.0,61.666666666666664,76.81362726322286,129.0,-22.0,0.0,0.0,150.0,50.0,0.0,0.0,0,0.0,0,5,1.6666666666666667,3,0,0.0,3,61.666666666666664
347,L Balaji,4332.0,59.342465753424655,67.86183250179944,327.0,-23.0,0.0,0.0,3267.0,44.75342465753425,130.0,1.7808219178082192,36,0.4931506849315068,15,85,1.1643835616438356,5,9,0.1232876712328767,67,64.65671641791045
348,L Ngidi,1424.0,89.0,74.7591688914031,300.0,-22.0,0.0,0.0,1174.0,73.375,10.0,0.625,0,0.0,0,32,2.0,4,1,0.0625,14,101.71428571428571
349,L Ronchi,92.0,18.4,17.62952069683121,49.0,5.0,7.0,1.4,0.0,0.0,60.0,12.0,34,6.8,13,0,0.0,0,4,0.8,5,18.4
350,L Wood,-1.0,-0.5,30.405591591021544,21.0,-22.0,11.0,5.5,-22.0,-11.0,0.0,0.0,9,4.5,9,1,0.5,1,0,0.0,2,-0.5
351,LA Carseldine,201.0,40.2,21.74166506963071,60.0,15.0,72.0,14.4,34.0,6.8,40.0,8.0,81,16.2,39,1,0.2,1,4,0.8,5,40.2
352,LA Pomersbach,728.0,42.8235294117647,44.735661521483124,180.0,-5.0,463.0,27.235294117647058,0.0,0.0,70.0,4.117647058823529,302,17.764705882352942,79,0,0.0,0,7,0.4117647058823529,14,52.0
353,LB Williams,23.0,11.5,0.7071067811865476,12.0,11.0,1.0,0.5,-8.0,-4.0,10.0,5.0,1,0.5,1,1,0.5,1,1,0.5,2,11.5
354,LE Plunkett,205.0,29.285714285714285,63.24216495797268,165.0,-13.0,1.0,0.14285714285714285,119.0,17.0,20.0,2.857142857142857,1,0.14285714285714285,1,4,0.5714285714285714,3,2,0.2857142857142857,7,29.285714285714285
355,LH Ferguson,3084.0,62.93877551020408,79.5231643828978,369.0,-23.0,93.0,1.8979591836734695,2186.0,44.61224489795919,130.0,2.6530612244897958,72,1.469387755102041,24,63,1.2857142857142858,5,9,0.1836734693877551,42,73.42857142857143
356,LI Meriwala,31.0,31.0,,31.0,31.0,0.0,0.0,16.0,16.0,0.0,0.0,0,0.0,0,1,1.0,1,0,0.0,1,31.0
357,LJ Wright,252.0,36.0,62.88083968904996,158.0,-16.0,173.0,24.714285714285715,-66.0,-9.428571428571429,40.0,5.714285714285714,106,15.142857142857142,44,2,0.2857142857142857,1,2,0.2857142857142857,7,36.0
358,LMP Simmons,2233.0,77.0,73.69144164303323,293.0,-15.0,1616.0,55.724137931034484,22.0,0.7586206896551724,110.0,3.793103448275862,1079,37.206896551724135,100,1,0.034482758620689655,1,10,0.3448275862068966,23,97.08695652173913
359,LPC Silva,92.0,30.666666666666668,38.81151032017864,72.0,-5.0,67.0,22.333333333333332,-30.0,-10.0,40.0,13.333333333333334,40,13.333333333333334,23,0,0.0,0,3,1.0,3,30.666666666666668
360,LR Shukla,1524.0,32.42553191489362,40.92344107723861,183.0,-17.0,380.0,8.085106382978724,459.0,9.76595744680851,190.0,4.042553191489362,405,8.617021276595745,48,17,0.3617021276595745,3,13,0.2765957446808511,45,33.86666666666667
361,LRPL Taylor,2220.0,40.36363636363637,47.00526512524899,253.0,-24.0,1405.0,25.545454545454547,-50.0,-0.9090909090909091,190.0,3.4545454545454546,1017,18.490909090909092,81,0,0.0,0,18,0.32727272727272727,50,44.4
362,LS Livingstone,2602.0,53.10204081632653,61.129045502785594,252.0,-36.0,1766.0,36.04081632653061,131.0,2.673469387755102,200.0,4.081632653061225,1051,21.448979591836736,94,13,0.2653061224489796,3,20,0.40816326530612246,47,55.361702127659576
363,Lalit Yadav,998.0,36.96296296296296,35.76040083397092,121.0,-26.0,291.0,10.777777777777779,272.0,10.074074074074074,170.0,6.296296296296297,305,11.296296296296296,48,11,0.4074074074074074,2,15,0.5555555555555556,27,36.96296296296296
364,Liton Das,10.0,10.0,,10.0,10.0,5.0,5.0,0.0,0.0,0.0,0.0,4,4.0,4,0,0.0,0,0,0.0,1,10.0
365,M Ashwin,1592.0,36.18181818181818,42.644159188526686,153.0,-25.0,-1.0,-0.022727272727272728,1153.0,26.204545454545453,70.0,1.5909090909090908,35,0.7954545454545454,9,35,0.7954545454545454,3,7,0.1590909090909091,44,36.18181818181818
366,M Jansen,1907.0,52.97222222222222,51.384536924259955,199.0,-19.0,156.0,4.333333333333333,1141.0,31.694444444444443,190.0,5.277777777777778,141,3.9166666666666665,34,38,1.0555555555555556,3,19,0.5277777777777778,36,52.97222222222222
367,M Kaif,683.0,23.551724137931036,22.4937867721234,97.0,-6.0,188.0,6.482758620689655,0.0,0.0,160.0,5.517241379310345,259,8.931034482758621,34,0,0.0,0,15,0.5172413793103449,26,26.26923076923077
368,M Kartik,2404.0,42.92857142857143,43.07956999146289,229.0,-11.0,72.0,1.2857142857142858,1542.0,27.535714285714285,210.0,3.75,113,2.017857142857143,21,39,0.6964285714285714,4,18,0.32142857142857145,56,42.92857142857143
369,M Klinger,77.0,19.25,27.146209066215242,47.0,-18.0,37.0,9.25,0.0,0.0,0.0,0.0,73,18.25,29,0,0.0,0,0,0.0,4,19.25
370,M Manhas,1272.0,23.12727272727273,19.874657737984325,85.0,-5.0,522.0,9.49090909090909,25.0,0.45454545454545453,220.0,4.0,514,9.345454545454546,42,0,0.0,0,20,0.36363636363636365,55,23.12727272727273
371,M Markande,1645.0,44.45945945945946,61.66828583216399,260.0,-24.0,50.0,1.3513513513513513,1170.0,31.62162162162162,70.0,1.8918918918918919,48,1.2972972972972974,18,37,1.0,4,7,0.1891891891891892,37,44.45945945945946
372,M Morkel,4615.0,65.92857142857143,55.12497564587754,231.0,-32.0,187.0,2.6714285714285713,3468.0,49.542857142857144,150.0,2.142857142857143,126,1.8,23,88,1.2571428571428571,4,11,0.15714285714285714,66,69.92424242424242
373,M Muralitharan,4001.0,60.621212121212125,55.73447080067447,301.0,-23.0,-9.0,-0.13636363636363635,3060.0,46.36363636363637,170.0,2.5757575757575757,20,0.30303030303030304,6,67,1.0151515151515151,4,14,0.21212121212121213,61,65.59016393442623
374,M Ntini,592.0,65.77777777777777,95.47876436383352,279.0,-8.0,-22.0,-2.4444444444444446,409.0,45.44444444444444,30.0,3.3333333333333335,11,1.2222222222222223,11,8,0.8888888888888888,4,1,0.1111111111111111,7,84.57142857142857
375,M Pathirana,2316.0,72.375,61.78722594778455,255.0,-23.0,0.0,0.0,1826.0,57.0625,90.0,2.8125,0,0.0,0,53,1.65625,4,9,0.28125,30,77.2
376,M Prasidh Krishna,3614.0,54.75757575757576,57.99046622070021,275.0,-23.0,-6.0,-0.09090909090909091,2720.0,41.21212121212121,140.0,2.121212121212121,9,0.13636363636363635,4,80,1.2121212121212122,5,13,0.19696969696969696,60,60.233333333333334
377,M Rawat,466.0,25.88888888888889,15.114811157929472,55.0,5.0,-4.0,-0.2222222222222222,0.0,0.0,290.0,16.11111111111111,55,3.0555555555555554,23,0,0.0,0,16,0.8888888888888888,17,27.41176470588235
378,M Shahrukh Khan,1942.0,35.30909090909091,31.284165162250858,133.0,-5.0,1143.0,20.78181818181818,-6.0,-0.10909090909090909,260.0,4.7272727272727275,732,13.309090909090909,58,1,0.01818181818181818,1,25,0.45454545454545453,54,35.96296296296296
379,M Siddharth,158.0,31.6,36.7464283978729,84.0,-3.0,0.0,0.0,93.0,18.6,10.0,2.0,0,0.0,0,3,0.6,2,1,0.2,5,31.6
380,M Theekshana,1639.0,43.13157894736842,45.30925032492937,215.0,-13.0,-31.0,-0.8157894736842105,1240.0,32.63157894736842,60.0,1.5789473684210527,17,0.4473684210526316,7,36,0.9473684210526315,4,4,0.10526315789473684,36,45.52777777777778
381,M Tiwari,3.0,1.5,23.33452377915607,18.0,-15.0,3.0,1.5,-30.0,-15.0,20.0,10.0,3,1.5,3,0,0.0,0,2,1.0,2,1.5
382,M Vijay,5331.0,50.29245283018868,66.4365027291376,402.0,-18.0,3583.0,33.801886792452834,-52.0,-0.49056603773584906,490.0,4.622641509433962,2619,24.70754716981132,127,0,0.0,0,48,0.4528301886792453,96,55.53125
383,M Vohra,2248.0,40.142857142857146,47.57059006320017,199.0,-30.0,1428.0,25.5,0.0,0.0,140.0,2.5,1083,19.339285714285715,95,0,0.0,0,13,0.23214285714285715,52,43.23076923076923
384,M de Lange,235.0,47.0,67.05594679072095,133.0,-23.0,1.0,0.2,179.0,35.8,0.0,0.0,1,0.2,1,6,1.2,3,0,0.0,5,47.0
385,MA Agarwal,6004.0,46.184615384615384,51.375617028360075,265.0,-19.0,4004.0,30.8,0.0,0.0,600.0,4.615384615384615,2764,21.26153846153846,106,0,0.0,0,58,0.4461538461538462,125,48.032
386,MA Khote,48.0,12.0,32.30067078766838,59.0,-14.0,3.0,0.75,25.0,6.25,0.0,0.0,24,6.0,9,2,0.5,2,0,0.0,4,12.0
387,MA Starc,4275.0,82.21153846153847,86.48480236853166,387.0,-11.0,77.0,1.4807692307692308,3098.0,59.57692307692308,310.0,5.961538461538462,111,2.1346153846153846,29,78,1.5,6,28,0.5384615384615384,48,89.0625
388,MA Wood,617.0,123.4,145.6495794707283,372.0,1.0,15.0,3.0,467.0,93.4,30.0,6.0,12,2.4,10,11,2.2,5,3,0.6,5,123.4
389,MB Parmar,-1.0,-1.0,,-1.0,-1.0,0.0,0.0,-16.0,-16.0,0.0,0.0,0,0.0,0,0,0.0,0,0,0.0,1,-1.0
390,MC Henriques,3884.0,62.645161290322584,62.8289629292132,256.0,-24.0,1378.0,22.225806451612904,1466.0,23.64516129032258,280.0,4.516129032258065,1000,16.129032258064516,74,46,0.7419354838709677,3,27,0.43548387096774194,59,65.83050847457628
391,MC Juneja,113.0,16.142857142857142,20.045187048504282,60.0,4.0,78.0,11.142857142857142,0.0,0.0,0.0,0.0,125,17.857142857142858,49,0,0.0,0,0,0.0,7,16.142857142857142
392,MD Mishra,457.0,25.38888888888889,36.91666113397914,133.0,-18.0,227.0,12.61111111111111,0.0,0.0,10.0,0.5555555555555556,237,13.166666666666666,41,0,0.0,0,1,0.05555555555555555,16,28.5625
393,MD Shanaka,65.0,21.666666666666668,15.275252316519467,35.0,5.0,10.0,3.3333333333333335,0.0,0.0,20.0,6.666666666666667,26,8.666666666666666,17,0,0.0,0,2,0.6666666666666666,2,32.5
394,MDKJ Perera,17.0,8.5,19.091883092036785,22.0,-5.0,-3.0,-1.5,0.0,0.0,0.0,0.0,14,7.0,14,0,0.0,0,0,0.0,2,8.5
395,MEK Hussey,4414.0,74.8135593220339,86.92039056362718,337.0,-19.0,2869.0,48.6271186440678,0.0,0.0,270.0,4.576271186440678,1977,33.50847457627118,116,0,0.0,0,26,0.4406779661016949,48,91.95833333333333
396,MF Maharoof,1877.0,93.85,76.90956753842379,277.0,-15.0,272.0,13.6,1295.0,64.75,60.0,3.0,177,8.85,39,33,1.65,4,4,0.2,19,98.78947368421052
397,MG Bracewell,287.0,57.4,34.50797009387831,104.0,28.0,66.0,13.2,156.0,31.2,10.0,2.0,58,11.6,26,6,1.2,2,1,0.2,5,57.4
398,MG Johnson,3336.0,61.77777777777778,54.21747496144549,198.0,-22.0,121.0,2.240740740740741,2345.0,43.425925925925924,190.0,3.5185185185185186,167,3.0925925925925926,16,66,1.2222222222222223,4,15,0.2777777777777778,46,72.52173913043478
399,MG Neser,-10.0,-10.0,,-10.0,-10.0,0.0,0.0,-25.0,-25.0,0.0,0.0,0,0.0,0,0,0.0,0,0,0.0,1,-10.0
400,MJ Clarke,267.0,44.5,19.470490492024076,63.0,10.0,85.0,14.166666666666666,142.0,23.666666666666668,10.0,1.6666666666666667,98,16.333333333333332,41,3,0.5,1,1,0.16666666666666666,6,44.5
401,MJ Guptill,610.0,46.92307692307692,43.80346549924549,127.0,-5.0,425.0,32.69230769230769,0.0,0.0,70.0,5.384615384615385,271,20.846153846153847,50,0,0.0,0,7,0.5384615384615384,12,50.833333333333336
402,MJ Henry,91.0,15.166666666666666,33.60605104243381,60.0,-13.0,0.0,0.0,11.0,1.8333333333333333,0.0,0.0,0,0.0,0,3,0.5,2,0,0.0,6,15.166666666666666
403,MJ Lumb,665.0,55.416666666666664,69.92263040264034,248.0,-5.0,435.0,36.25,0.0,0.0,50.0,4.166666666666667,278,23.166666666666668,83,0,0.0,0,5,0.4166666666666667,12,55.416666666666664
404,MJ McClenaghan,3441.0,61.44642857142857,54.377441727532286,208.0,-17.0,114.0,2.0357142857142856,2587.0,46.19642857142857,20.0,0.35714285714285715,85,1.5178571428571428,20,75,1.3392857142857142,4,1,0.017857142857142856,52,66.17307692307692
405,MJ Owen,25.0,25.0,,25.0,25.0,-10.0,-10.0,0.0,0.0,20.0,20.0,0,0.0,0,0,0.0,0,2,2.0,1,25.0
406,MJ Santner,1563.0,50.41935483870968,46.44765813511548,201.0,-23.0,88.0,2.838709677419355,1000.0,32.25806451612903,150.0,4.838709677419355,110,3.5483870967741935,22,26,0.8387096774193549,3,12,0.3870967741935484,29,53.89655172413793
407,MJ Suthar,-20.0,-20.0,,-20.0,-20.0,1.0,1.0,-26.0,-26.0,0.0,0.0,1,1.0,1,0,0.0,0,0,0.0,1,-20.0
408,MK Lomror,1287.0,32.175,33.358109381954804,108.0,-5.0,805.0,20.125,12.0,0.3,100.0,2.5,527,13.175,54,2,0.05,1,10,0.25,37,34.78378378378378
409,MK Pandey,8003.0,45.99425287356322,50.90549979104565,317.0,-20.0,5093.0,29.270114942528735,0.0,0.0,960.0,5.517241379310345,3951,22.70689655172414,114,0,0.0,0,83,0.47701149425287354,164,48.798780487804876
410,MK Tiwary,3605.0,36.785714285714285,39.417210642628696,232.0,-23.0,2056.0,20.979591836734695,-91.0,-0.9285714285714286,490.0,5.0,1695,17.29591836734694,75,1,0.01020408163265306,1,46,0.46938775510204084,93,38.763440860215056
411,ML Hayden,2466.0,77.0625,72.51648867004151,281.0,-9.0,1766.0,55.1875,0.0,0.0,140.0,4.375,1107,34.59375,93,0,0.0,0,11,0.34375,29,85.03448275862068
412,MM Ali,4656.0,63.78082191780822,69.11931040987957,287.0,-30.0,1786.0,24.465753424657535,1815.0,24.863013698630137,240.0,3.287671232876712,1167,15.986301369863014,93,46,0.6301369863013698,4,22,0.3013698630136986,68,68.47058823529412
413,MM Patel,4354.0,69.11111111111111,66.70738004127672,258.0,-12.0,49.0,0.7777777777777778,3390.0,53.80952380952381,140.0,2.2222222222222223,39,0.6190476190476191,23,82,1.3015873015873016,5,12,0.19047619047619047,58,75.06896551724138
414,MM Sharma,7170.0,59.75,69.47259298795883,359.0,-24.0,127.0,1.0583333333333333,5253.0,43.775,310.0,2.5833333333333335,125,1.0416666666666667,21,149,1.2416666666666667,5,25,0.20833333333333334,110,65.18181818181819
415,MN Samuels,688.0,45.86666666666667,65.70917164365441,201.0,-7.0,104.0,6.933333333333334,379.0,25.266666666666666,20.0,1.3333333333333333,161,10.733333333333333,46,10,0.6666666666666666,3,2,0.13333333333333333,15,45.86666666666667
416,MN van Wyk,333.0,66.6,49.41457274934187,130.0,5.0,238.0,47.6,0.0,0.0,70.0,14.0,167,33.4,74,0,0.0,0,7,1.4,5,66.6
417,MP Breetzke,12.0,12.0,,12.0,12.0,7.0,7.0,0.0,0.0,0.0,0.0,14,14.0,14,0,0.0,0,0,0.0,1,12.0
418,MP Stoinis,5755.0,52.31818181818182,71.10696578971604,348.0,-46.0,3166.0,28.78181818181818,769.0,6.990909090909091,280.0,2.5454545454545454,2026,18.418181818181818,124,46,0.41818181818181815,4,25,0.22727272727272727,101,56.98019801980198
419,MP Yadav,587.0,97.83333333333333,117.92610680704536,291.0,-13.0,0.0,0.0,387.0,64.5,30.0,5.0,0,0.0,0,10,1.6666666666666667,4,3,0.5,6,97.83333333333333
420,MR Marsh,4137.0,75.21818181818182,81.40267784044921,358.0,-26.0,2141.0,38.92727272727273,1181.0,21.472727272727273,120.0,2.1818181818181817,1292,23.490909090909092,117,37,0.6727272727272727,4,11,0.2,55,75.21818181818182
421,MS Bhandage,6.0,6.0,,6.0,6.0,1.0,1.0,0.0,0.0,0.0,0.0,1,1.0,1,0,0.0,0,0,0.0,1,6.0
422,MS Bisla,1697.0,43.51282051282051,54.233836687398,247.0,-30.0,862.0,22.102564102564102,0.0,0.0,440.0,11.282051282051283,798,20.46153846153846,92,0,0.0,0,20,0.5128205128205128,38,44.6578947368421
423,MS Dhoni,15132.0,54.628158844765345,50.195873594805484,235.0,-19.0,8237.0,29.736462093862816,0.0,0.0,3050.0,11.010830324909747,5439,19.63537906137184,84,0,0.0,0,158,0.5703971119133574,249,60.7710843373494
424,MS Gony,2039.0,46.34090909090909,56.395176761359934,222.0,-33.0,181.0,4.113636363636363,1298.0,29.5,60.0,1.3636363636363635,99,2.25,42,39,0.8863636363636364,3,4,0.09090909090909091,41,49.73170731707317
425,MS Wade,460.0,30.666666666666668,20.69736583193505,60.0,1.0,165.0,11.0,0.0,0.0,110.0,7.333333333333333,183,12.2,35,0,0.0,0,8,0.5333333333333333,13,35.38461538461539
426,MV Boucher,1177.0,37.96774193548387,38.82909894307596,162.0,-2.0,482.0,15.548387096774194,0.0,0.0,270.0,8.709677419354838,394,12.709677419354838,50,0,0.0,0,14,0.45161290322580644,29,40.58620689655172
427,MW Short,241.0,40.166666666666664,33.78411855689988,93.0,5.0,150.0,25.0,11.0,1.8333333333333333,30.0,5.0,117,19.5,36,0,0.0,0,3,0.5,6,40.166666666666664
428,Mandeep Singh,3629.0,32.693693693693696,39.10400881397591,224.0,-8.0,2053.0,18.495495495495497,-39.0,-0.35135135135135137,400.0,3.6036036036036037,1706,15.36936936936937,77,0,0.0,0,38,0.34234234234234234,109,33.293577981651374
429,Mashrafe Mortaza,23.0,23.0,,23.0,23.0,2.0,2.0,6.0,6.0,10.0,10.0,2,2.0,2,1,1.0,1,0,0.0,1,23.0
430,Mayank Dagar,133.0,16.625,21.46716762207548,41.0,-21.0,0.0,0.0,53.0,6.625,30.0,3.75,0,0.0,0,2,0.25,1,3,0.375,8,16.625
431,Misbah-ul-Haq,254.0,31.75,37.93132892854816,92.0,-5.0,174.0,21.75,0.0,0.0,10.0,1.25,117,14.625,47,0,0.0,0,1,0.125,8,31.75
432,Mohammad Ashraful,2.0,2.0,,2.0,2.0,-23.0,-23.0,0.0,0.0,20.0,20.0,2,2.0,2,0,0.0,0,2,2.0,1,2.0
433,Mohammad Asif,317.0,39.625,43.22346419646229,121.0,-12.0,3.0,0.375,234.0,29.25,0.0,0.0,3,0.375,3,9,1.125,2,0,0.0,7,45.285714285714285
434,Mohammad Hafeez,137.0,17.125,53.279418433119446,135.0,-47.0,-25.0,-3.125,82.0,10.25,20.0,2.5,64,8.0,16,2,0.25,1,1,0.125,8,17.125
435,Mohammad Nabi,1279.0,53.291666666666664,57.00303513404136,240.0,-8.0,293.0,12.208333333333334,556.0,23.166666666666668,200.0,8.333333333333334,221,9.208333333333334,37,15,0.625,4,18,0.75,23,55.608695652173914
436,Mohammed Shami,6954.0,58.436974789915965,56.97347563878971,284.0,-24.0,70.0,0.5882352941176471,5299.0,44.529411764705884,290.0,2.436974789915966,84,0.7058823529411765,21,150,1.2605042016806722,4,19,0.15966386554621848,114,61.0
437,Mohammed Siraj,5717.0,52.93518518518518,63.66549163557157,307.0,-23.0,50.0,0.46296296296296297,3947.0,36.5462962962963,350.0,3.240740740740741,112,1.037037037037037,14,112,1.037037037037037,4,33,0.3055555555555556,102,56.049019607843135
438,Mohit Rathee,-21.0,-21.0,,-21.0,-21.0,1.0,1.0,-27.0,-27.0,0.0,0.0,1,1.0,1,0,0.0,0,0,0.0,1,-21.0
439,Mohsin Khan,1293.0,53.875,70.42375618200585,280.0,-21.0,24.0,1.0,959.0,39.958333333333336,20.0,0.8333333333333334,25,1.0416666666666667,13,27,1.125,4,2,0.08333333333333333,22,58.77272727272727
440,Monu Kumar,-1.0,-1.0,,-1.0,-1.0,0.0,0.0,-16.0,-16.0,0.0,0.0,0,0.0,0,0,0.0,0,0,0.0,1,-1.0
441,Mujeeb Ur Rahman,995.0,49.75,51.551583772699786,192.0,-21.0,14.0,0.7,711.0,35.55,20.0,1.0,12,0.6,10,21,1.05,3,2,0.1,20,49.75
442,Mukesh Choudhary,758.0,47.375,73.48457888110492,207.0,-23.0,7.0,0.4375,551.0,34.4375,30.0,1.875,6,0.375,4,17,1.0625,4,3,0.1875,16,47.375
443,Mukesh Kumar,1729.0,54.03125,60.88406983503501,266.0,-23.0,-30.0,-0.9375,1289.0,40.28125,90.0,2.8125,10,0.3125,6,45,1.40625,4,5,0.15625,32,54.03125
444,Musheer Khan,6.0,6.0,,6.0,6.0,0.0,0.0,1.0,1.0,0.0,0.0,0,0.0,0,1,1.0,1,0,0.0,0,inf
445,Mustafizur Rahman,3382.0,56.36666666666667,61.345911876463305,256.0,-23.0,5.0,0.08333333333333333,2677.0,44.61666666666667,50.0,0.8333333333333334,13,0.21666666666666667,8,74,1.2333333333333334,4,5,0.08333333333333333,58,58.310344827586206
446,N Burger,301.0,60.2,20.510972673181545,89.0,42.0,0.0,0.0,216.0,43.2,20.0,4.0,0,0.0,0,7,1.4,2,2,0.4,5,60.2
447,N Jagadeesan,267.0,20.53846153846154,26.475194001855726,73.0,-30.0,142.0,10.923076923076923,0.0,0.0,10.0,0.7692307692307693,162,12.461538461538462,39,0,0.0,0,1,0.07692307692307693,13,20.53846153846154
448,N Pooran,5680.0,63.111111111111114,62.48243698301013,275.0,-19.0,4100.0,45.55555555555556,0.0,0.0,530.0,5.888888888888889,2293,25.477777777777778,87,0,0.0,0,40,0.4444444444444444,89,63.82022471910113
449,N Rana,6329.0,53.63559322033898,57.98786570006265,256.0,-18.0,4341.0,36.78813559322034,268.0,2.2711864406779663,270.0,2.288135593220339,2853,24.177966101694917,87,10,0.0847457627118644,2,26,0.22033898305084745,113,56.008849557522126
450,N Saini,381.0,38.1,35.07278146939589,110.0,-8.0,101.0,10.1,0.0,0.0,170.0,17.0,140,14.0,50,0,0.0,0,11,1.1,10,38.1
451,N Thushara,378.0,47.25,59.57887928740232,146.0,-22.0,0.0,0.0,298.0,37.25,20.0,2.5,0,0.0,0,9,1.125,3,1,0.125,8,47.25
452,N Wadhera,1615.0,43.648648648648646,42.73186178967647,150.0,-5.0,1127.0,30.45945945945946,3.0,0.08108108108108109,130.0,3.5135135135135136,719,19.43243243243243,70,0,0.0,0,12,0.32432432432432434,32,50.46875
453,NA Saini,-13.0,-13.0,,-13.0,-13.0,0.0,0.0,-28.0,-28.0,0.0,0.0,0,0.0,0,0,0.0,0,0,0.0,1,-13.0
454,NB Singh,93.0,46.5,21.920310216782973,62.0,31.0,0.0,0.0,73.0,36.5,0.0,0.0,0,0.0,0,1,0.5,1,0,0.0,2,46.5
455,ND Doshi,49.0,12.25,45.70466788706233,79.0,-21.0,-25.0,-6.25,44.0,11.0,0.0,0.0,0,0.0,0,2,0.5,1,0,0.0,3,16.333333333333332
456,NJ Maddinson,49.0,16.333333333333332,28.728615235220325,49.0,-5.0,4.0,1.3333333333333333,0.0,0.0,10.0,3.3333333333333335,20,6.666666666666667,12,0,0.0,0,1,0.3333333333333333,3,16.333333333333332
457,NJ Rimmington,15.0,15.0,,15.0,15.0,1.0,1.0,9.0,9.0,0.0,0.0,1,1.0,1,0,0.0,0,0,0.0,1,15.0
458,NK Patel,287.0,31.88888888888889,39.58043849063716,112.0,-8.0,122.0,13.555555555555555,0.0,0.0,60.0,6.666666666666667,121,13.444444444444445,57,0,0.0,0,6,0.6666666666666666,8,35.875
459,NL McCullum,58.0,29.0,4.242640687119285,32.0,26.0,28.0,14.0,10.0,5.0,10.0,5.0,26,13.0,15,0,0.0,0,1,0.5,2,29.0
460,NLTC Perera,2241.0,60.567567567567565,62.03965601870241,206.0,-27.0,579.0,15.64864864864865,1137.0,30.72972972972973,180.0,4.864864864864865,424,11.45945945945946,40,37,1.0,3,12,0.32432432432432434,36,62.25
461,NM Coulter-Nile,2970.0,76.15384615384616,75.08960908616152,311.0,-11.0,97.0,2.4871794871794872,2098.0,53.794871794871796,120.0,3.076923076923077,82,2.1025641025641026,24,52,1.3333333333333333,4,10,0.2564102564102564,35,84.85714285714286
462,NS Naik,63.0,15.75,14.291605927956454,33.0,-2.0,3.0,0.75,0.0,0.0,40.0,10.0,31,7.75,22,0,0.0,0,3,0.75,4,15.75
463,NT Ellis,973.0,57.23529411764706,66.65164046346187,256.0,-9.0,11.0,0.6470588235294118,727.0,42.76470588235294,10.0,0.5882352941176471,19,1.1176470588235294,12,20,1.1764705882352942,4,1,0.058823529411764705,17,57.23529411764706
464,NV Ojha,4083.0,36.13274336283186,40.89435527428718,241.0,-20.0,1798.0,15.91150442477876,0.0,0.0,1100.0,9.734513274336283,1554,13.752212389380531,94,0,0.0,0,65,0.5752212389380531,107,38.1588785046729
465,Naman Dhir,1151.0,50.04347826086956,44.53647969603587,141.0,-20.0,775.0,33.69565217391305,11.0,0.4782608695652174,150.0,6.521739130434782,392,17.043478260869566,62,1,0.043478260869565216,1,15,0.6521739130434783,21,54.80952380952381
466,Navdeep Saini,1113.0,35.903225806451616,40.61063476374112,124.0,-23.0,6.0,0.1935483870967742,742.0,23.93548387096774,80.0,2.5806451612903225,33,1.064516129032258,12,26,0.8387096774193549,3,8,0.25806451612903225,30,37.1
467,Naveen-ul-Haq,1143.0,63.5,54.72632445391609,185.0,-24.0,10.0,0.5555555555555556,883.0,49.05555555555556,70.0,3.888888888888889,18,1.0,13,26,1.4444444444444444,4,6,0.3333333333333333,17,67.23529411764706
468,Nithish Kumar Reddy,1254.0,44.785714285714285,55.402471627481226,214.0,-29.0,666.0,23.785714285714285,118.0,4.214285714285714,140.0,5.0,485,17.321428571428573,76,8,0.2857142857142857,3,12,0.42857142857142855,25,50.16
469,Noor Ahmad,2250.0,60.810810810810814,65.47384458182003,276.0,-24.0,-28.0,-0.7567567567567568,1743.0,47.108108108108105,90.0,2.4324324324324325,20,0.5405405405405406,7,48,1.2972972972972974,4,8,0.21621621621621623,34,66.17647058823529
470,O Thomas,167.0,41.75,46.37078821844632,82.0,-23.0,0.0,0.0,117.0,29.25,10.0,2.5,0,0.0,0,5,1.25,2,1,0.25,4,41.75
471,OA Shah,1061.0,46.130434782608695,46.8986376501358,171.0,2.0,776.0,33.73913043478261,0.0,0.0,80.0,3.4782608695652173,506,22.0,76,0,0.0,0,7,0.30434782608695654,23,46.130434782608695
472,OC McCoy,439.0,54.875,60.16984888036295,165.0,-23.0,10.0,1.25,329.0,41.125,10.0,1.25,8,1.0,8,11,1.375,3,1,0.125,5,87.8
473,OF Smith,387.0,64.5,77.67045770432925,195.0,3.0,62.0,10.333333333333334,185.0,30.833333333333332,30.0,5.0,51,8.5,25,7,1.1666666666666667,4,2,0.3333333333333333,6,64.5
474,P Amarnath,249.0,41.5,33.80384593504118,85.0,-12.0,0.0,0.0,139.0,23.166666666666668,20.0,3.3333333333333335,0,0.0,0,7,1.1666666666666667,2,2,0.3333333333333333,6,41.5
475,P Awana,1963.0,59.484848484848484,51.24824461147499,189.0,-22.0,5.0,0.15151515151515152,1553.0,47.06060606060606,50.0,1.5151515151515151,5,0.15151515151515152,4,43,1.303030303030303,4,4,0.12121212121212122,30,65.43333333333334
476,P Chopra,30.0,15.0,14.142135623730951,25.0,5.0,10.0,5.0,0.0,0.0,0.0,0.0,8,4.0,8,0,0.0,0,0,0.0,2,15.0
477,P Dharmani,5.0,5.0,,5.0,5.0,0.0,0.0,0.0,0.0,0.0,0.0,0,0.0,0,0,0.0,0,0,0.0,1,5.0
478,P Dogra,216.0,16.615384615384617,22.100295856007833,72.0,-17.0,41.0,3.1538461538461537,0.0,0.0,50.0,3.8461538461538463,127,9.76923076923077,41,0,0.0,0,4,0.3076923076923077,13,16.615384615384617
479,P Dubey,83.0,16.6,21.949943052317927,46.0,-9.0,-5.0,-1.0,43.0,8.6,10.0,2.0,23,4.6,16,2,0.4,1,1,0.2,3,27.666666666666668
480,P Kumar,5766.0,48.45378151260504,47.57220166412522,206.0,-24.0,366.0,3.0756302521008405,3935.0,33.0672268907563,200.0,1.680672268907563,340,2.857142857142857,34,102,0.8571428571428571,3,13,0.1092436974789916,112,51.482142857142854
481,P Negi,2486.0,49.72,61.54541711083725,278.0,-21.0,489.0,9.78,1287.0,25.74,180.0,3.6,365,7.3,36,38,0.76,4,13,0.26,45,55.24444444444445
482,P Parameswaran,455.0,56.875,58.79367677370951,139.0,-21.0,1.0,0.125,314.0,39.25,0.0,0.0,1,0.125,1,9,1.125,3,0,0.0,8,56.875
483,P Prasanth,-12.0,-12.0,,-12.0,-12.0,0.0,0.0,-27.0,-27.0,0.0,0.0,0,0.0,0,0,0.0,0,0,0.0,1,-12.0
484,P Ray Barman,-17.0,-17.0,,-17.0,-17.0,6.0,6.0,-28.0,-28.0,0.0,0.0,19,19.0,19,0,0.0,0,0,0.0,1,-17.0
485,P Sahu,141.0,28.2,46.19740252438442,106.0,-14.0,32.0,6.4,74.0,14.8,0.0,0.0,19,3.8,18,3,0.6,2,0,0.0,5,28.2
486,P Simran Singh,3088.0,59.38461538461539,65.8432940132542,300.0,-5.0,2378.0,45.73076923076923,0.0,0.0,80.0,1.5384615384615385,1355,26.057692307692307,103,0,0.0,0,6,0.11538461538461539,49,63.02040816326531
487,P Suyal,91.0,18.2,30.0616034169836,64.0,-9.0,0.0,0.0,36.0,7.2,10.0,2.0,0,0.0,0,2,0.4,1,1,0.2,5,18.2
488,PA Patel,6466.0,46.51798561151079,42.91588546096121,220.0,-8.0,3571.0,25.690647482014388,0.0,0.0,1270.0,9.136690647482014,2848,20.489208633093526,81,0,0.0,0,69,0.49640287769784175,130,49.738461538461536
489,PA Reddy,263.0,21.916666666666668,21.856799787930917,63.0,1.0,113.0,9.416666666666666,0.0,0.0,30.0,2.5,164,13.666666666666666,42,0,0.0,0,2,0.16666666666666666,12,21.916666666666668
490,PBB Rajapaksa,614.0,47.23076923076923,40.25575289353859,114.0,-5.0,439.0,33.76923076923077,0.0,0.0,40.0,3.076923076923077,277,21.307692307692307,50,0,0.0,0,4,0.3076923076923077,13,47.23076923076923
491,PC Valthaty,1230.0,53.47826086956522,110.66036063116623,427.0,-19.0,671.0,29.17391304347826,224.0,9.73913043478261,30.0,1.3043478260869565,505,21.956521739130434,120,7,0.30434782608695654,4,3,0.13043478260869565,23,53.47826086956522
492,PD Collingwood,707.0,88.375,76.5729110997206,237.0,-1.0,353.0,44.125,194.0,24.25,30.0,3.75,203,25.375,75,5,0.625,2,3,0.375,8,88.375
493,PD Salt,2905.0,85.44117647058823,73.87507521463456,269.0,-7.0,2035.0,59.85294117647059,0.0,0.0,320.0,9.411764705882353,1056,31.058823529411764,89,0,0.0,0,26,0.7647058823529411,32,90.78125
494,PH Solanki,81.0,40.5,13.435028842544403,50.0,31.0,0.0,0.0,71.0,35.5,0.0,0.0,0,0.0,0,2,1.0,2,0,0.0,2,40.5
495,PHKD Mendis,249.0,49.8,59.780431580911156,107.0,-23.0,143.0,28.6,51.0,10.2,10.0,2.0,92,18.4,32,2,0.4,1,1,0.2,5,49.8
496,PJ Cummins,4751.0,65.98611111111111,61.95648019525207,275.0,-46.0,1003.0,13.930555555555555,2748.0,38.166666666666664,220.0,3.0555555555555554,612,8.5,66,82,1.1388888888888888,4,20,0.2777777777777778,69,68.85507246376811
497,PJ Sangwan,1826.0,43.476190476190474,48.547808016246684,169.0,-24.0,-23.0,-0.5476190476190477,1349.0,32.11904761904762,100.0,2.380952380952381,26,0.6190476190476191,6,44,1.0476190476190477,3,7,0.16666666666666666,41,44.53658536585366
498,PK Garg,622.0,27.043478260869566,39.569821215013626,174.0,-3.0,267.0,11.608695652173912,0.0,0.0,90.0,3.9130434782608696,273,11.869565217391305,51,0,0.0,0,9,0.391304347826087,21,29.61904761904762
499,PM Sarvesh Kumar,32.0,16.0,21.213203435596427,31.0,1.0,1.0,0.5,21.0,10.5,0.0,0.0,1,0.5,1,1,0.5,1,0,0.0,2,16.0
500,PN Mankad,279.0,46.5,70.40099431116012,180.0,-7.0,129.0,21.5,0.0,0.0,30.0,5.0,97,16.166666666666668,64,0,0.0,0,3,0.5,5,55.8
501,PP Chawla,10260.0,53.4375,51.32145127777024,248.0,-30.0,615.0,3.203125,7095.0,36.953125,470.0,2.4479166666666665,624,3.25,24,201,1.046875,4,37,0.19270833333333334,183,56.0655737704918
502,PP Ojha,4818.0,52.369565217391305,47.87637867439143,203.0,-23.0,-9.0,-0.09782608695652174,3697.0,40.18478260869565,170.0,1.8478260869565217,16,0.17391304347826086,3,99,1.076086956521739,4,14,0.15217391304347827,84,57.357142857142854
503,PP Shaw,4172.0,52.81012658227848,56.0414397839732,247.0,-5.0,3007.0,38.063291139240505,0.0,0.0,180.0,2.278481012658228,1892,23.949367088607595,99,0,0.0,0,18,0.22784810126582278,74,56.37837837837838
504,PR Shah,400.0,25.0,18.704723111200195,81.0,-5.0,70.0,4.375,0.0,0.0,190.0,11.875,92,5.75,29,0,0.0,0,10,0.625,16,25.0
505,PSP Handscomb,1.0,0.5,6.363961030678928,5.0,-4.0,-9.0,-4.5,0.0,0.0,0.0,0.0,6,3.0,6,0,0.0,0,0,0.0,2,0.5
506,PV Tambe,1393.0,42.21212121212121,60.07170588958539,269.0,-39.0,-36.0,-1.0909090909090908,984.0,29.818181818181817,10.0,0.30303030303030304,18,0.5454545454545454,7,28,0.8484848484848485,4,1,0.030303030303030304,33,42.21212121212121
507,PVD Chameera,648.0,32.4,47.09050636246848,148.0,-21.0,72.0,3.6,366.0,18.3,40.0,2.0,53,2.65,17,15,0.75,3,3,0.15,19,34.10526315789474
508,PVSN Raju,24.0,12.0,36.76955262170047,38.0,-14.0,1.0,0.5,3.0,1.5,10.0,5.0,1,0.5,1,2,1.0,2,1,0.5,2,12.0
509,PWA Mulder,-19.0,-19.0,,-19.0,-19.0,-5.0,-5.0,-29.0,-29.0,10.0,10.0,9,9.0,9,0,0.0,0,1,1.0,1,-19.0
510,PWH de Silva,2219.0,59.972972972972975,76.06228678833861,348.0,-11.0,40.0,1.0810810810810811,1664.0,44.972972972972975,60.0,1.6216216216216217,81,2.189189189189189,18,47,1.2702702702702702,5,3,0.08108108108108109,35,63.4
511,Pankaj Singh,393.0,23.11764705882353,46.31263644101518,119.0,-22.0,7.0,0.4117647058823529,201.0,11.823529411764707,20.0,1.1764705882352942,7,0.4117647058823529,4,11,0.6470588235294118,2,2,0.11764705882352941,17,23.11764705882353
512,Parvez Rasool,243.0,22.09090909090909,34.262091429025595,74.0,-25.0,8.0,0.7272727272727273,100.0,9.090909090909092,30.0,2.727272727272727,17,1.5454545454545454,10,4,0.36363636363636365,1,3,0.2727272727272727,11,22.09090909090909
513,Prince Yadav,202.0,33.666666666666664,36.423435679060624,102.0,1.0,-20.0,-3.3333333333333335,132.0,22.0,40.0,6.666666666666667,5,0.8333333333333334,4,5,0.8333333333333334,2,2,0.3333333333333333,6,33.666666666666664
514,Priyansh Arya,1347.0,74.83333333333333,78.37710500034622,323.0,-5.0,1027.0,57.05555555555556,0.0,0.0,80.0,4.444444444444445,545,30.27777777777778,103,0,0.0,0,8,0.4444444444444444,15,89.8
515,Q de Kock,7865.0,68.3913043478261,70.22503872603579,435.0,-18.0,5170.0,44.95652173913044,0.0,0.0,1170.0,10.173913043478262,3312,28.8,140,0,0.0,0,73,0.6347826086956522,110,71.5
516,R Ashwin,12231.0,55.84931506849315,50.07947937145388,297.0,-33.0,870.0,3.9726027397260273,8266.0,37.74429223744292,530.0,2.4200913242009134,833,3.8036529680365296,50,205,0.9360730593607306,5,44,0.2009132420091324,195,62.723076923076924
517,R Bhatia,4708.0,49.55789473684211,55.385057472800334,291.0,-23.0,357.0,3.7578947368421054,3026.0,31.852631578947367,310.0,3.263157894736842,342,3.6,26,82,0.8631578947368421,4,23,0.24210526315789474,91,51.73626373626374
518,R Bishnoi,49.0,16.333333333333332,18.77054430040145,38.0,5.0,14.0,4.666666666666667,0.0,0.0,10.0,3.3333333333333335,19,6.333333333333333,18,0,0.0,0,1,0.3333333333333333,3,16.333333333333332
519,R Dhawan,1482.0,38.0,40.52679425554875,126.0,-21.0,162.0,4.153846153846154,795.0,20.384615384615383,120.0,3.076923076923077,210,5.384615384615385,25,27,0.6923076923076923,2,9,0.23076923076923078,36,41.166666666666664
520,R Dravid,3864.0,43.41573033707865,42.253781161831064,188.0,-15.0,2629.0,29.53932584269663,0.0,0.0,260.0,2.9213483146067416,2174,24.426966292134832,75,0,0.0,0,18,0.20224719101123595,83,46.55421686746988
521,R Goyal,11.0,11.0,,11.0,11.0,0.0,0.0,-4.0,-4.0,10.0,10.0,0,0.0,0,0,0.0,0,1,1.0,1,11.0
522,R McLaren,821.0,45.611111111111114,51.21941140402888,167.0,-31.0,145.0,8.055555555555555,376.0,20.88888888888889,60.0,3.3333333333333335,159,8.833333333333334,51,14,0.7777777777777778,3,5,0.2777777777777778,18,45.611111111111114
523,R Minz,-24.0,-12.0,7.0710678118654755,-7.0,-17.0,-34.0,-17.0,0.0,0.0,0.0,0.0,6,3.0,3,0,0.0,0,0,0.0,2,-12.0
524,R Ninan,66.0,33.0,38.18376618407357,60.0,6.0,-12.0,-6.0,58.0,29.0,10.0,5.0,3,1.5,3,3,1.5,2,1,0.5,2,33.0
525,R Parag,3631.0,43.74698795180723,53.83439905213702,243.0,-39.0,2401.0,28.927710843373493,-165.0,-1.9879518072289157,480.0,5.783132530120482,1570,18.91566265060241,95,9,0.10843373493975904,1,45,0.5421686746987951,78,46.55128205128205
526,R Powell,1002.0,35.785714285714285,40.99716082568641,157.0,-17.0,548.0,19.571428571428573,4.0,0.14285714285714285,180.0,6.428571428571429,365,13.035714285714286,67,1,0.03571428571428571,1,18,0.6428571428571429,26,38.53846153846154
527,R Rampaul,838.0,69.83333333333333,39.2679219843589,130.0,5.0,38.0,3.1666666666666665,660.0,55.0,40.0,3.3333333333333335,51,4.25,23,17,1.4166666666666667,3,4,0.3333333333333333,12,69.83333333333333
528,R Ravindra,955.0,53.05555555555556,52.598895338682475,143.0,-18.0,630.0,35.0,55.0,3.0555555555555554,110.0,6.111111111111111,413,22.944444444444443,65,0,0.0,0,10,0.5555555555555556,18,53.05555555555556
529,R Sai Kishore,1392.0,55.68,55.73502788492468,246.0,-25.0,37.0,1.48,950.0,38.0,80.0,3.2,18,0.72,13,32,1.28,4,8,0.32,22,63.27272727272727
530,R Sanjay Yadav,-9.0,-9.0,,-9.0,-9.0,0.0,0.0,-14.0,-14.0,0.0,0.0,0,0.0,0,0,0.0,0,0,0.0,1,-9.0
531,R Sathish,794.0,23.352941176470587,28.490170929150153,111.0,-22.0,264.0,7.764705882352941,60.0,1.7647058823529411,110.0,3.235294117647059,270,7.9411764705882355,27,6,0.17647058823529413,2,5,0.14705882352941177,32,24.8125
532,R Sharma,2386.0,54.22727272727273,46.501744721638644,182.0,-14.0,42.0,0.9545454545454546,1784.0,40.54545454545455,110.0,2.5,66,1.5,14,42,0.9545454545454546,3,10,0.22727272727272727,43,55.48837209302326
533,R Shepherd,884.0,49.111111111111114,63.75771131113465,199.0,-23.0,401.0,22.27777777777778,133.0,7.388888888888889,50.0,2.7777777777777777,185,10.277777777777779,53,12,0.6666666666666666,3,4,0.2222222222222222,16,55.25
534,R Shukla,219.0,31.285714285714285,44.1841385028394,103.0,-23.0,-14.0,-2.0,128.0,18.285714285714285,50.0,7.142857142857143,19,2.7142857142857144,14,7,1.0,2,3,0.42857142857142855,7,31.285714285714285
535,R Tewatia,4274.0,39.574074074074076,40.651747258997545,161.0,-21.0,1510.0,13.981481481481481,1114.0,10.314814814814815,440.0,4.074074074074074,1112,10.296296296296296,53,36,0.3333333333333333,3,42,0.3888888888888889,102,41.90196078431372
536,R Vinay Kumar,6172.0,59.34615384615385,59.563259873944546,264.0,-29.0,229.0,2.201923076923077,4313.0,41.47115384615385,440.0,4.230769230769231,310,2.980769230769231,26,127,1.2211538461538463,5,31,0.2980769230769231,99,62.343434343434346
537,RA Bawa,55.0,11.0,4.69041575982343,15.0,5.0,0.0,0.0,0.0,0.0,10.0,2.0,19,3.8,11,0,0.0,0,1,0.2,3,18.333333333333332
538,RA Jadeja,15831.0,62.573122529644266,68.70485233993583,454.0,-26.0,4454.0,17.604743083003953,6662.0,26.33201581027668,1260.0,4.980237154150197,3260,12.885375494071146,77,179,0.7075098814229249,5,102,0.4031620553359684,230,68.83043478260869
539,RA Shaikh,-14.0,-14.0,,-14.0,-14.0,0.0,0.0,-19.0,-19.0,0.0,0.0,0,0.0,0,0,0.0,0,0,0.0,1,-14.0
540,RA Tripathi,4885.0,48.85,54.03634672770512,256.0,-17.0,3435.0,34.35,-30.0,-0.3,350.0,3.5,2291,22.91,93,0,0.0,0,34,0.34,91,53.68131868131868
541,RD Chahar,3988.0,50.48101265822785,52.90239216138788,243.0,-24.0,137.0,1.7341772151898733,2806.0,35.51898734177215,190.0,2.4050632911392404,129,1.6329113924050633,25,76,0.9620253164556962,4,19,0.24050632911392406,76,52.473684210526315
542,RD Gaikwad,5698.0,80.25352112676056,82.12459494309486,300.0,-18.0,4043.0,56.943661971830984,0.0,0.0,390.0,5.492957746478873,2502,35.23943661971831,108,0,0.0,0,39,0.5492957746478874,67,85.04477611940298
543,RD Rickelton,1114.0,79.57142857142857,49.43015941043139,179.0,17.0,664.0,47.42857142857143,0.0,0.0,250.0,17.857142857142858,388,27.714285714285715,62,0,0.0,0,11,0.7857142857142857,14,79.57142857142857
544,RE Levi,236.0,39.333333333333336,64.22045364731291,157.0,-7.0,96.0,16.0,0.0,0.0,20.0,3.3333333333333335,83,13.833333333333334,50,0,0.0,0,2,0.3333333333333333,6,39.333333333333336
545,RE van der Merwe,1524.0,72.57142857142857,46.02887292620951,186.0,-8.0,181.0,8.619047619047619,1048.0,49.904761904761905,80.0,3.8095238095238093,159,7.571428571428571,35,25,1.1904761904761905,3,6,0.2857142857142857,19,80.21052631578948
546,RG More,16.0,8.0,43.840620433565945,39.0,-23.0,2.0,1.0,-6.0,-3.0,10.0,5.0,2,1.0,2,1,0.5,1,1,0.5,2,8.0
547,RG Sharma,15862.0,58.31617647058823,64.99238697464858,332.0,-26.0,10444.0,38.39705882352941,458.0,1.6838235294117647,1120.0,4.117647058823529,7048,25.91176470588235,109,16,0.058823529411764705,4,101,0.3713235294117647,248,63.95967741935484
548,RJ Gleeson,81.0,27.0,17.578395831246947,40.0,7.0,2.0,0.6666666666666666,44.0,14.666666666666666,0.0,0.0,2,0.6666666666666666,2,2,0.6666666666666666,1,0,0.0,2,40.5
549,RJ Harris,2668.0,72.10810810810811,55.61813442463597,195.0,-11.0,149.0,4.027027027027027,1914.0,51.729729729729726,180.0,4.864864864864865,117,3.1621621621621623,17,47,1.2702702702702702,4,18,0.4864864864864865,33,80.84848484848484
550,RJ Peterson,228.0,45.6,59.64310521761924,118.0,-16.0,32.0,6.4,121.0,24.2,10.0,2.0,32,6.4,16,3,0.6,3,1,0.2,5,45.6
551,RJ Quiney,176.0,25.142857142857142,38.29024493448504,105.0,-5.0,101.0,14.428571428571429,0.0,0.0,20.0,2.857142857142857,103,14.714285714285714,51,0,0.0,0,2,0.2857142857142857,7,25.142857142857142
552,RJW Topley,162.0,27.0,33.69272918598314,74.0,-9.0,-12.0,-2.0,114.0,19.0,20.0,3.3333333333333335,3,0.5,3,5,0.8333333333333334,2,2,0.3333333333333333,5,32.4
553,RK Bhui,-20.0,-5.0,1.632993161855452,-3.0,-7.0,-40.0,-10.0,0.0,0.0,0.0,0.0,10,2.5,7,0,0.0,0,0,0.0,4,-5.0
554,RK Singh,2828.0,48.758620689655174,45.43408966103849,169.0,-18.0,1698.0,29.275862068965516,0.0,0.0,400.0,6.896551724137931,1099,18.948275862068964,67,0,0.0,0,38,0.6551724137931034,56,50.5
555,RM Patidar,2733.0,65.07142857142857,67.89784035401034,343.0,5.0,1973.0,46.976190476190474,0.0,0.0,100.0,2.380952380952381,1111,26.452380952380953,112,0,0.0,0,10,0.23809523809523808,37,73.86486486486487
556,RN ten Doeschate,1069.0,36.86206896551724,28.96638955993534,117.0,6.0,502.0,17.310344827586206,112.0,3.8620689655172415,100.0,3.4482758620689653,326,11.241379310344827,70,3,0.10344827586206896,1,7,0.2413793103448276,26,41.11538461538461
557,RP Meredith,787.0,43.72222222222222,35.174866621354305,126.0,-20.0,0.0,0.0,577.0,32.05555555555556,20.0,1.1111111111111112,0,0.0,0,21,1.1666666666666667,3,2,0.1111111111111111,18,43.72222222222222
558,RP Singh,5100.0,62.19512195121951,63.45902518275425,339.0,-21.0,16.0,0.1951219512195122,3914.0,47.73170731707317,350.0,4.2682926829268295,52,0.6341463414634146,10,100,1.2195121951219512,5,27,0.32926829268292684,78,65.38461538461539
559,RR Bhatkal,-15.0,-15.0,,-15.0,-15.0,0.0,0.0,-30.0,-30.0,10.0,10.0,0,0.0,0,0,0.0,0,1,1.0,1,-15.0
560,RR Bose,-10.0,-10.0,,-10.0,-10.0,0.0,0.0,-25.0,-25.0,0.0,0.0,0,0.0,0,0,0.0,0,0,0.0,1,-10.0
561,RR Pant,8802.0,70.416,69.02631382306316,332.0,-18.0,5847.0,46.776,0.0,0.0,1340.0,10.72,3566,28.528,128,0,0.0,0,80,0.64,118,74.59322033898304
562,RR Powar,906.0,33.55555555555556,36.29614657798065,102.0,-37.0,35.0,1.2962962962962963,526.0,19.48148148148148,50.0,1.8518518518518519,67,2.4814814814814814,28,15,0.5555555555555556,2,5,0.18518518518518517,26,34.84615384615385
563,RR Raje,322.0,32.2,38.812369162420374,92.0,-21.0,33.0,3.3,129.0,12.9,40.0,4.0,20,2.0,11,7,0.7,2,3,0.3,10,32.2
564,RR Rossouw,1113.0,50.59090909090909,61.26341181901011,255.0,-5.0,793.0,36.04545454545455,0.0,0.0,90.0,4.090909090909091,473,21.5,82,0,0.0,0,9,0.4090909090909091,22,50.59090909090909
565,RR Sarwan,106.0,26.5,17.253019059476713,52.0,15.0,46.0,11.5,0.0,0.0,10.0,2.5,73,18.25,31,0,0.0,0,1,0.25,4,26.5
566,RS Bopara,1383.0,57.625,62.873103740097356,255.0,-19.0,692.0,28.833333333333332,391.0,16.291666666666668,40.0,1.6666666666666667,531,22.125,84,13,0.5416666666666666,3,4,0.16666666666666666,24,57.625
567,RS Gavaskar,-11.0,-5.5,17.67766952966369,7.0,-18.0,-23.0,-11.5,-8.0,-4.0,0.0,0.0,2,1.0,2,0,0.0,0,0,0.0,2,-5.5
568,RS Hangargekar,104.0,52.0,89.09545442950498,115.0,-11.0,0.0,0.0,84.0,42.0,0.0,0.0,0,0.0,0,3,1.5,3,0,0.0,2,52.0
569,RS Sodhi,60.0,20.0,15.0,35.0,5.0,5.0,1.6666666666666667,0.0,0.0,20.0,6.666666666666667,4,1.3333333333333333,4,0,0.0,0,2,0.6666666666666666,3,20.0
570,RT Ponting,120.0,12.0,18.76166303929372,48.0,-10.0,-20.0,-2.0,0.0,0.0,40.0,4.0,91,9.1,28,0,0.0,0,4,0.4,10,12.0
571,RV Gomez,404.0,31.076923076923077,38.47393390002625,130.0,-21.0,42.0,3.230769230769231,187.0,14.384615384615385,40.0,3.076923076923077,50,3.8461538461538463,26,6,0.46153846153846156,2,3,0.23076923076923078,13,31.076923076923077
572,RV Patel,175.0,19.444444444444443,15.764763803424957,57.0,3.0,55.0,6.111111111111111,5.0,0.5555555555555556,20.0,2.2222222222222223,80,8.88888888888889,23,0,0.0,0,2,0.2222222222222222,9,19.444444444444443
573,RV Pawar,15.0,15.0,,15.0,15.0,0.0,0.0,0.0,0.0,0.0,0.0,0,0.0,0,0,0.0,0,0,0.0,1,15.0
574,RV Uthappa,11359.0,55.40975609756097,53.7903328150327,306.0,-19.0,7014.0,34.21463414634146,0.0,0.0,2010.0,9.804878048780488,4954,24.165853658536584,88,0,0.0,0,92,0.44878048780487806,192,59.161458333333336
575,RW Price,-4.0,-4.0,,-4.0,-4.0,0.0,0.0,-19.0,-19.0,0.0,0.0,0,0.0,0,0,0.0,0,0,0.0,1,-4.0
576,Rahmanullah Gurbaz,931.0,51.72222222222222,50.10671618192463,195.0,0.0,571.0,31.72222222222222,0.0,0.0,180.0,10.0,363,20.166666666666668,81,0,0.0,0,17,0.9444444444444444,16,58.1875
577,Ramandeep Singh,1062.0,35.4,39.145704833309004,157.0,2.0,400.0,13.333333333333334,192.0,6.4,150.0,5.0,217,7.233333333333333,35,6,0.2,3,13,0.43333333333333335,28,37.92857142857143
578,Rashid Khan,11016.0,81.0,68.93872749150614,397.0,-21.0,1058.0,7.779411764705882,7428.0,54.61764705882353,530.0,3.8970588235294117,585,4.301470588235294,79,166,1.2205882352941178,5,47,0.34558823529411764,123,89.5609756097561
579,Rasikh Salam,344.0,26.46153846153846,52.864000644129874,133.0,-28.0,10.0,0.7692307692307693,169.0,13.0,30.0,2.3076923076923075,40,3.076923076923077,10,10,0.7692307692307693,3,3,0.23076923076923078,13,26.46153846153846
580,Ravi Bishnoi,3655.0,47.467532467532465,46.27366660923628,167.0,-24.0,1.0,0.012987012987012988,2629.0,34.142857142857146,250.0,3.2467532467532467,45,0.5844155844155844,13,77,1.0,3,21,0.2727272727272727,75,48.733333333333334
581,S Anirudha,559.0,27.95,37.248066004191834,159.0,-19.0,149.0,7.45,0.0,0.0,130.0,6.5,136,6.8,64,0,0.0,0,11,0.55,18,31.055555555555557
582,S Aravind,2251.0,59.23684210526316,60.393052316773634,239.0,-25.0,41.0,1.0789473684210527,1730.0,45.526315789473685,60.0,1.5789473684210527,59,1.5526315789473684,14,48,1.263157894736842,4,5,0.13157894736842105,31,72.61290322580645
583,S Badree,622.0,51.833333333333336,66.93121752058511,241.0,-21.0,-27.0,-2.25,529.0,44.083333333333336,20.0,1.6666666666666667,13,1.0833333333333333,8,11,0.9166666666666666,4,2,0.16666666666666666,12,51.833333333333336
584,S Badrinath,3116.0,33.148936170212764,37.07822519757834,165.0,-30.0,1826.0,19.425531914893618,0.0,0.0,210.0,2.234042553191489,1441,15.329787234042554,71,0,0.0,0,16,0.1702127659574468,82,38.0
585,S Chanderpaul,14.0,4.666666666666667,26.633312473917574,34.0,-18.0,-11.0,-3.6666666666666665,0.0,0.0,0.0,0.0,25,8.333333333333334,16,0,0.0,0,0,0.0,3,4.666666666666667
586,S Dhawan,13745.0,61.914414414414416,61.63824449925269,307.0,-30.0,9798.0,44.13513513513514,117.0,0.527027027027027,1010.0,4.54954954954955,6769,30.49099099099099,106,4,0.018018018018018018,1,99,0.44594594594594594,204,67.37745098039215
587,S Dube,3885.0,49.177215189873415,51.96442557633771,271.0,-37.0,2796.0,35.392405063291136,54.0,0.6835443037974683,230.0,2.911392405063291,1859,23.531645569620252,95,6,0.0759493670886076,3,23,0.2911392405063291,76,51.11842105263158
588,S Gopal,2540.0,48.84615384615385,56.373190894109506,265.0,-22.0,193.0,3.7115384615384617,1717.0,33.01923076923077,50.0,0.9615384615384616,180,3.4615384615384617,24,53,1.0192307692307692,4,5,0.09615384615384616,51,49.80392156862745
589,S Joseph,-16.0,-16.0,,-16.0,-16.0,0.0,0.0,-21.0,-21.0,0.0,0.0,0,0.0,0,0,0.0,0,0,0.0,1,-16.0
590,S Kaul,2583.0,46.96363636363636,48.05088492512436,183.0,-25.0,-19.0,-0.34545454545454546,2017.0,36.67272727272727,80.0,1.4545454545454546,20,0.36363636363636365,7,63,1.1454545454545455,4,8,0.14545454545454545,51,50.64705882352941
591,S Kaushik,228.0,22.8,51.4690845718735,135.0,-21.0,0.0,0.0,158.0,15.8,0.0,0.0,0,0.0,0,6,0.6,3,0,0.0,9,25.333333333333332
592,S Ladda,148.0,16.444444444444443,26.940263134902334,58.0,-24.0,-25.0,-2.7777777777777777,58.0,6.444444444444445,30.0,3.3333333333333335,0,0.0,0,5,0.5555555555555556,2,1,0.1111111111111111,9,16.444444444444443
593,S Lamichhane,590.0,65.55555555555556,43.318907855320845,125.0,-14.0,0.0,0.0,485.0,53.888888888888886,10.0,1.1111111111111112,0,0.0,0,14,1.5555555555555556,3,1,0.1111111111111111,9,65.55555555555556
594,S Midhun,-12.0,-12.0,,-12.0,-12.0,0.0,0.0,-27.0,-27.0,10.0,10.0,0,0.0,0,0,0.0,0,1,1.0,1,-12.0
595,S Nadeem,2779.0,38.59722222222222,43.628928160762364,180.0,-45.0,-114.0,-1.5833333333333333,1963.0,27.26388888888889,150.0,2.0833333333333335,39,0.5416666666666666,6,54,0.75,3,11,0.1527777777777778,70,39.7
596,S Narwal,305.0,43.57142857142857,70.79985203105333,189.0,-11.0,43.0,6.142857142857143,177.0,25.285714285714285,20.0,2.857142857142857,37,5.285714285714286,23,6,0.8571428571428571,4,1,0.14285714285714285,7,43.57142857142857
597,S Rana,182.0,16.545454545454547,16.72341852830118,36.0,-17.0,62.0,5.636363636363637,-5.0,-0.45454545454545453,30.0,2.727272727272727,91,8.272727272727273,19,0,0.0,0,3,0.2727272727272727,11,16.545454545454547
598,S Randiv,372.0,46.5,28.39013913315678,81.0,14.0,2.0,0.25,250.0,31.25,30.0,3.75,2,0.25,2,8,1.0,2,2,0.25,8,46.5
599,S Sandeep Warrier,342.0,34.2,49.93729401292518,137.0,-24.0,0.0,0.0,232.0,23.2,10.0,1.0,0,0.0,0,8,0.8,3,1,0.1,10,34.2
600,S Sohal,768.0,34.90909090909091,46.62301607259689,177.0,-17.0,488.0,22.181818181818183,0.0,0.0,20.0,0.9090909090909091,368,16.727272727272727,62,0,0.0,0,2,0.09090909090909091,22,34.90909090909091
601,S Sreesanth,2034.0,46.22727272727273,52.0138012259285,182.0,-48.0,-35.0,-0.7954545454545454,1559.0,35.43181818181818,30.0,0.6818181818181818,34,0.7727272727272727,15,43,0.9772727272727273,3,3,0.06818181818181818,43,47.30232558139535
602,S Sriram,-19.0,-9.5,37.476659402887016,17.0,-36.0,19.0,9.5,-58.0,-29.0,0.0,0.0,31,15.5,27,0,0.0,0,0,0.0,2,-9.5
603,S Tyagi,386.0,27.571428571428573,33.68796700424531,95.0,-22.0,3.0,0.21428571428571427,193.0,13.785714285714286,30.0,2.142857142857143,3,0.21428571428571427,3,6,0.42857142857142855,2,3,0.21428571428571427,14,27.571428571428573
604,S Vidyut,307.0,34.111111111111114,37.3712604966853,108.0,-5.0,197.0,21.88888888888889,15.0,1.6666666666666667,10.0,1.1111111111111112,145,16.11111111111111,54,1,0.1111111111111111,1,1,0.1111111111111111,7,43.857142857142854
605,SA Abbott,35.0,11.666666666666666,21.197484127446195,31.0,-11.0,37.0,12.333333333333334,-27.0,-9.0,0.0,0.0,22,7.333333333333333,14,1,0.3333333333333333,1,0,0.0,3,11.666666666666666
606,SA Asnodkar,889.0,44.45,45.8423786927612,182.0,-5.0,569.0,28.45,0.0,0.0,70.0,3.5,423,21.15,60,0,0.0,0,6,0.3,18,49.388888888888886
607,SA Yadav,10233.0,61.644578313253014,61.11777156220761,321.0,-16.0,7251.0,43.68072289156626,-8.0,-0.04819277108433735,760.0,4.578313253012048,4311,25.96987951807229,103,0,0.0,0,74,0.4457831325301205,153,66.88235294117646
608,SB Bangar,251.0,20.916666666666668,37.63088270733671,83.0,-29.0,6.0,0.5,125.0,10.416666666666666,40.0,3.3333333333333335,49,4.083333333333333,17,6,0.5,2,2,0.16666666666666666,12,20.916666666666668
609,SB Dubey,368.0,28.307692307692307,31.343219935058293,98.0,-5.0,263.0,20.23076923076923,0.0,0.0,20.0,1.5384615384615385,139,10.692307692307692,34,0,0.0,0,1,0.07692307692307693,13,28.307692307692307
610,SB Jakati,2658.0,45.05084745762712,58.78465191692107,291.0,-15.0,16.0,0.2711864406779661,1677.0,28.423728813559322,230.0,3.8983050847457625,28,0.4745762711864407,13,50,0.847457627118644,4,19,0.3220338983050847,50,53.16
611,SB Joshi,-6.0,-1.5,27.012342857787562,30.0,-25.0,-44.0,-11.0,8.0,2.0,0.0,0.0,6,1.5,3,1,0.25,1,0,0.0,4,-1.5
612,SB Styris,560.0,46.666666666666664,47.727128426910284,155.0,-24.0,117.0,9.75,303.0,25.25,40.0,3.3333333333333335,131,10.916666666666666,36,9,0.75,3,2,0.16666666666666666,12,46.666666666666664
613,SB Wagh,297.0,37.125,66.00311139852208,196.0,-1.0,2.0,0.25,145.0,18.125,20.0,2.5,2,0.25,2,5,0.625,3,1,0.125,8,37.125
614,SC Ganguly,2790.0,47.28813559322034,72.4654616536109,337.0,-28.0,1500.0,25.423728813559322,305.0,5.169491525423729,230.0,3.8983050847457625,1349,22.864406779661017,91,12,0.2033898305084746,3,22,0.3728813559322034,59,47.28813559322034
615,SC Kuggeleijn,87.0,43.5,40.30508652763321,72.0,15.0,0.0,0.0,57.0,28.5,0.0,0.0,0,0.0,0,2,1.0,2,0,0.0,2,43.5
616,SD Chitnis,247.0,22.454545454545453,29.69970921192205,99.0,-12.0,93.0,8.454545454545455,29.0,2.6363636363636362,20.0,1.8181818181818181,99,9.0,38,2,0.18181818181818182,2,2,0.18181818181818182,11,22.454545454545453
617,SD Hope,464.0,51.55555555555556,39.70236488898083,136.0,11.0,289.0,32.111111111111114,0.0,0.0,70.0,7.777777777777778,183,20.333333333333332,41,0,0.0,0,6,0.6666666666666666,9,51.55555555555556
618,SD Lad,23.0,23.0,,23.0,23.0,8.0,8.0,0.0,0.0,0.0,0.0,15,15.0,15,0,0.0,0,0,0.0,1,23.0
619,SE Bond,406.0,50.75,38.21648858804273,98.0,-9.0,1.0,0.125,325.0,40.625,0.0,0.0,1,0.125,1,9,1.125,2,0,0.0,8,50.75
620,SE Marsh,5314.0,74.84507042253522,74.55748460796138,325.0,-19.0,3879.0,54.63380281690141,0.0,0.0,290.0,4.084507042253521,2489,35.056338028169016,115,0,0.0,0,26,0.36619718309859156,70,75.91428571428571
621,SE Rutherford,871.0,37.869565217391305,36.38094449749269,131.0,-13.0,569.0,24.73913043478261,-23.0,-1.0,60.0,2.608695652173913,397,17.26086956521739,46,1,0.043478260869565216,1,6,0.2608695652173913,20,43.55
622,SH Johnson,163.0,18.11111111111111,24.256156148720496,48.0,-22.0,9.0,1.0,59.0,6.555555555555555,20.0,2.2222222222222223,8,0.8888888888888888,5,5,0.5555555555555556,2,2,0.2222222222222222,9,18.11111111111111
623,SJ Srivastava,538.0,38.42857142857143,33.47263931060087,88.0,-8.0,5.0,0.35714285714285715,393.0,28.071428571428573,20.0,1.4285714285714286,5,0.35714285714285715,3,15,1.0714285714285714,2,2,0.14285714285714285,14,38.42857142857143
624,SK Raina,13490.0,66.12745098039215,64.10108574330462,333.0,-31.0,8430.0,41.3235294117647,930.0,4.5588235294117645,1190.0,5.833333333333333,5536,27.137254901960784,100,30,0.14705882352941177,2,106,0.5196078431372549,180,74.94444444444444
625,SK Rasheed,104.0,20.8,28.331960751066983,68.0,-5.0,59.0,11.8,0.0,0.0,10.0,2.0,71,14.2,27,0,0.0,0,1,0.2,5,20.8
626,SK Trivedi,3864.0,50.8421052631579,63.872383731224346,233.0,-24.0,-18.0,-0.23684210526315788,2792.0,36.73684210526316,160.0,2.1052631578947367,42,0.5526315789473685,9,73,0.9605263157894737,4,12,0.15789473684210525,72,53.666666666666664
627,SK Warne,3405.0,61.90909090909091,59.7833349525362,268.0,-18.0,104.0,1.8909090909090909,2386.0,43.38181818181818,140.0,2.5454545454545454,198,3.6,34,60,1.0909090909090908,4,11,0.2,53,64.24528301886792
628,SL Malinga,10093.0,82.72950819672131,72.87678233197397,401.0,-18.0,39.0,0.319672131147541,8204.0,67.24590163934427,210.0,1.721311475409836,88,0.7213114754098361,17,188,1.540983606557377,5,15,0.12295081967213115,107,94.32710280373831
629,SM Boland,134.0,67.0,93.33809511662427,133.0,1.0,0.0,0.0,114.0,57.0,0.0,0.0,0,0.0,0,3,1.5,3,0,0.0,2,67.0
630,SM Curran,4268.0,66.6875,66.79437173323885,316.0,-31.0,1524.0,23.8125,1694.0,26.46875,250.0,3.90625,997,15.578125,88,63,0.984375,4,24,0.375,64,66.6875
631,SM Harwood,142.0,47.333333333333336,52.30997355508157,80.0,-13.0,-16.0,-5.333333333333333,103.0,34.333333333333336,20.0,6.666666666666667,9,3.0,6,3,1.0,2,2,0.6666666666666666,3,47.333333333333336
632,SM Katich,548.0,49.81818181818182,63.51978932870949,213.0,-5.0,353.0,32.09090909090909,0.0,0.0,40.0,3.6363636363636362,241,21.90909090909091,75,0,0.0,0,2,0.18181818181818182,11,49.81818181818182
633,SM Pollock,1090.0,83.84615384615384,89.46679659129241,292.0,-9.0,215.0,16.53846153846154,620.0,47.69230769230769,30.0,2.3076923076923075,147,11.307692307692308,33,13,1.0,4,2,0.15384615384615385,13,83.84615384615384
634,SMSM Senanayake,538.0,67.25,27.043615565547867,96.0,21.0,-5.0,-0.625,443.0,55.375,20.0,2.5,10,1.25,7,9,1.125,2,2,0.25,8,67.25
635,SN Khan,1381.0,27.62,29.95839972838527,109.0,-6.0,781.0,15.62,0.0,0.0,120.0,2.4,585,11.7,67,0,0.0,0,10,0.2,48,28.770833333333332
636,SN Thakur,5360.0,51.04761904761905,55.69307734780747,252.0,-23.0,426.0,4.057142857142857,3309.0,31.514285714285716,360.0,3.4285714285714284,325,3.0952380952380953,68,115,1.0952380952380953,4,33,0.3142857142857143,97,55.25773195876289
637,SO Hetmyer,3973.0,46.19767441860465,47.60395924400106,246.0,-19.0,2473.0,28.75581395348837,0.0,0.0,490.0,5.6976744186046515,1488,17.302325581395348,75,0,0.0,0,45,0.5232558139534884,77,51.5974025974026
638,SP Fleming,349.0,34.9,30.552141223379635,86.0,-5.0,239.0,23.9,0.0,0.0,20.0,2.0,196,19.6,45,0,0.0,0,2,0.2,10,34.9
639,SP Goswami,971.0,31.322580645161292,35.82493274873818,186.0,-5.0,246.0,7.935483870967742,0.0,0.0,390.0,12.580645161290322,293,9.451612903225806,52,0,0.0,0,17,0.5483870967741935,26,37.34615384615385
640,SP Jackson,218.0,24.22222222222222,16.03728295081322,45.0,3.0,3.0,0.3333333333333333,0.0,0.0,130.0,14.444444444444445,61,6.777777777777778,16,0,0.0,0,7,0.7777777777777778,9,24.22222222222222
641,SP Narine,16309.0,86.75,79.5147465555044,369.0,-22.0,3336.0,17.74468085106383,9813.0,52.1968085106383,330.0,1.7553191489361701,1780,9.46808510638298,109,212,1.127659574468085,5,27,0.14361702127659576,174,93.72988505747126
642,SPD Smith,5321.0,51.66019417475728,51.125288895690446,244.0,-8.0,3486.0,33.84466019417476,0.0,0.0,620.0,6.019417475728155,2495,24.223300970873787,101,0,0.0,0,53,0.5145631067961165,100,53.21
643,SR Tendulkar,4527.0,58.03846153846154,58.608417087023895,248.0,-19.0,3043.0,39.01282051282051,-46.0,-0.5897435897435898,260.0,3.3333333333333335,2334,29.923076923076923,100,0,0.0,0,23,0.2948717948717949,73,62.013698630136986
644,SR Watson,12820.0,88.41379310344827,91.61374125210091,407.0,-29.0,6172.0,42.56551724137931,3903.0,26.917241379310344,470.0,3.2413793103448274,3880,26.75862068965517,117,107,0.7379310344827587,4,38,0.2620689655172414,133,96.39097744360902
645,SS Agarwal,22.0,22.0,,22.0,22.0,0.0,0.0,17.0,17.0,0.0,0.0,0,0.0,0,1,1.0,1,0,0.0,1,22.0
646,SS Cottrell,238.0,39.666666666666664,47.2511022799116,97.0,-10.0,0.0,0.0,198.0,33.0,0.0,0.0,0,0.0,0,6,1.0,2,0,0.0,6,39.666666666666664
647,SS Iyer,7958.0,59.83458646616541,62.77945770604884,281.0,-30.0,5519.0,41.49624060150376,4.0,0.03007518796992481,650.0,4.887218045112782,3735,28.082706766917294,97,0,0.0,0,56,0.42105263157894735,121,65.76859504132231
648,SS Mundhe,39.0,39.0,,39.0,39.0,0.0,0.0,34.0,34.0,0.0,0.0,0,0.0,0,1,1.0,1,0,0.0,1,39.0
649,SS Prabhudessai,290.0,26.363636363636363,23.10529258534818,86.0,2.0,95.0,8.636363636363637,0.0,0.0,90.0,8.181818181818182,126,11.454545454545455,34,0,0.0,0,6,0.5454545454545454,11,26.363636363636363
650,SS Sarkar,44.0,22.0,66.46803743153546,69.0,-25.0,0.0,0.0,24.0,12.0,0.0,0.0,0,0.0,0,1,0.5,1,0,0.0,2,22.0
651,SS Shaikh,37.0,18.5,19.091883092036785,32.0,5.0,-3.0,-1.5,0.0,0.0,20.0,10.0,6,3.0,6,0,0.0,0,2,1.0,2,18.5
652,SS Tiwary,3175.0,34.51086956521739,29.842625523513277,126.0,3.0,1915.0,20.815217391304348,0.0,0.0,300.0,3.260869565217391,1494,16.23913043478261,61,0,0.0,0,25,0.2717391304347826,87,36.49425287356322
653,SSB Magala,55.0,27.5,14.849242404917497,38.0,17.0,0.0,0.0,25.0,12.5,10.0,5.0,0,0.0,0,1,0.5,1,1,0.5,2,27.5
654,ST Jayasuriya,2288.0,76.26666666666667,89.89301431695627,347.0,-26.0,1235.0,41.166666666666664,563.0,18.766666666666666,90.0,3.0,768,25.6,114,16,0.5333333333333333,4,4,0.13333333333333333,30,76.26666666666667
655,STR Binny,3220.0,33.89473684210526,36.11019590919196,167.0,-47.0,1096.0,11.536842105263158,919.0,9.673684210526316,240.0,2.526315789473684,880,9.263157894736842,48,28,0.29473684210526313,3,19,0.2,89,36.17977528089887
656,SV Samson,11011.0,62.5625,64.95445932123741,330.0,-19.0,7271.0,41.3125,0.0,0.0,1470.0,8.352272727272727,4704,26.727272727272727,119,0,0.0,0,86,0.48863636363636365,167,65.93413173652695
657,SW Billings,1243.0,41.43333333333333,43.59348522454919,193.0,-5.0,683.0,22.766666666666666,0.0,0.0,220.0,7.333333333333333,503,16.766666666666666,56,0,0.0,0,19,0.6333333333333333,30,41.43333333333333
658,SW Tait,1261.0,60.04761904761905,66.78957717374485,205.0,-15.0,6.0,0.2857142857142857,990.0,47.142857142857146,60.0,2.857142857142857,23,1.0952380952380953,11,26,1.2380952380952381,4,5,0.23809523809523808,21,60.04761904761905
659,SZ Mulani,-22.0,-11.0,18.384776310850235,2.0,-24.0,1.0,0.5,-33.0,-16.5,0.0,0.0,1,0.5,1,0,0.0,0,0,0.0,2,-11.0
660,Sachin Baby,605.0,30.25,24.876272778863417,78.0,-3.0,200.0,10.0,115.0,5.75,80.0,4.0,144,7.2,33,3,0.15,2,5,0.25,18,33.611111111111114
661,Salman Butt,302.0,43.142857142857146,40.02677675185521,120.0,3.0,217.0,31.0,0.0,0.0,20.0,2.857142857142857,193,27.571428571428573,73,0,0.0,0,2,0.2857142857142857,7,43.142857142857146
662,Sameer Rizvi,515.0,36.785714285714285,53.874753001652,206.0,-5.0,285.0,20.357142857142858,0.0,0.0,30.0,2.142857142857143,172,12.285714285714286,58,0,0.0,0,3,0.21428571428571427,14,36.785714285714285
663,Sandeep Sharma,8158.0,59.98529411764706,60.95061574679006,348.0,-21.0,24.0,0.17647058823529413,6274.0,46.13235294117647,220.0,1.6176470588235294,60,0.4411764705882353,9,163,1.1985294117647058,5,17,0.125,129,63.24031007751938
664,Sanvir Singh,79.0,13.166666666666666,17.313771012308862,42.0,-5.0,-1.0,-0.16666666666666666,0.0,0.0,30.0,5.0,25,4.166666666666667,8,0,0.0,0,3,0.5,5,15.8
665,Saurav Chauhan,26.0,8.666666666666666,15.821925715074425,26.0,-5.0,11.0,3.6666666666666665,0.0,0.0,0.0,0.0,18,6.0,9,0,0.0,0,0,0.0,3,8.666666666666666
666,Sediqullah Atal,41.0,41.0,,41.0,41.0,26.0,26.0,0.0,0.0,0.0,0.0,22,22.0,22,0,0.0,0,0,0.0,1,41.0
667,Shahbaz Ahmed,1781.0,30.70689655172414,44.38982364046084,208.0,-26.0,599.0,10.327586206896552,282.0,4.862068965517241,220.0,3.793103448275862,545,9.39655172413793,59,22,0.3793103448275862,3,20,0.3448275862068966,52,34.25
668,Shahid Afridi,602.0,60.2,51.839067206971315,147.0,-25.0,175.0,17.5,317.0,31.7,40.0,4.0,81,8.1,33,9,0.9,3,4,0.4,10,60.2
669,Shakib Al Hasan,4649.0,65.47887323943662,53.160366320066885,235.0,-22.0,970.0,13.661971830985916,2634.0,37.098591549295776,190.0,2.676056338028169,795,11.19718309859155,66,71,1.0,3,12,0.16901408450704225,60,77.48333333333333
670,Shashank Singh,1975.0,47.023809523809526,52.18189953223341,200.0,-20.0,1360.0,32.38095238095238,-25.0,-0.5952380952380952,180.0,4.285714285714286,773,18.404761904761905,68,1,0.023809523809523808,1,17,0.40476190476190477,39,50.64102564102564
671,Shivam Mavi,1678.0,52.4375,55.05418884769277,275.0,-17.0,34.0,1.0625,1054.0,32.9375,160.0,5.0,51,1.59375,20,33,1.03125,4,15,0.46875,28,59.92857142857143
672,Shivam Sharma,198.0,39.6,41.31343607108951,92.0,2.0,6.0,1.2,127.0,25.4,10.0,2.0,5,1.0,4,4,0.8,2,1,0.2,5,39.6
673,Shivam Singh,27.0,27.0,,27.0,27.0,2.0,2.0,0.0,0.0,20.0,20.0,2,2.0,2,0,0.0,0,2,2.0,1,27.0
674,Shoaib Ahmed,244.0,30.5,39.0274628581318,97.0,-15.0,1.0,0.125,133.0,16.625,40.0,5.0,1,0.125,1,5,0.625,2,4,0.5,8,30.5
675,Shoaib Akhtar,285.0,95.0,166.78429182629878,287.0,-14.0,-23.0,-7.666666666666667,233.0,77.66666666666667,0.0,0.0,2,0.6666666666666666,2,5,1.6666666666666667,4,0,0.0,3,95.0
676,Shoaib Malik,137.0,19.571428571428573,30.658642842637068,73.0,-21.0,37.0,5.285714285714286,-5.0,-0.7142857142857143,40.0,5.714285714285714,52,7.428571428571429,24,2,0.2857142857142857,1,4,0.5714285714285714,7,19.571428571428573
677,Shubman Gill,8581.0,72.72033898305085,78.1745674858103,401.0,-19.0,6281.0,53.228813559322035,0.0,0.0,450.0,3.8135593220338984,3866,32.76271186440678,129,0,0.0,0,45,0.3813559322033898,107,80.19626168224299
678,Sikandar Raza,491.0,54.55555555555556,62.992283478040214,194.0,-12.0,265.0,29.444444444444443,21.0,2.3333333333333335,50.0,5.555555555555555,182,20.22222222222222,57,3,0.3333333333333333,1,5,0.5555555555555556,9,54.55555555555556
679,Simarjeet Singh,482.0,34.42857142857143,62.469333135688125,188.0,-25.0,10.0,0.7142857142857143,262.0,18.714285714285715,40.0,2.857142857142857,10,0.7142857142857143,3,12,0.8571428571428571,3,3,0.21428571428571427,14,34.42857142857143
680,Sohail Tanvir,1622.0,147.45454545454547,146.854597228935,501.0,28.0,36.0,3.272727272727273,1261.0,114.63636363636364,70.0,6.363636363636363,36,3.272727272727273,13,24,2.1818181818181817,6,4,0.36363636363636365,9,180.22222222222223
681,Sumit Kumar,-9.0,-2.25,33.826764551165695,36.0,-46.0,-23.0,-5.75,-36.0,-9.0,20.0,5.0,18,4.5,9,0,0.0,0,1,0.25,4,-2.25
682,Sunny Gupta,-25.0,-25.0,,-25.0,-25.0,0.0,0.0,-30.0,-30.0,0.0,0.0,0,0.0,0,0,0.0,0,0,0.0,0,-inf
683,Sunny Singh,161.0,26.833333333333332,19.782989325849282,59.0,7.0,91.0,15.166666666666666,0.0,0.0,10.0,1.6666666666666667,43,7.166666666666667,20,0,0.0,0,1,0.16666666666666666,6,26.833333333333332
684,Suryansh Shedge,53.0,10.6,15.388307249337076,29.0,-13.0,7.0,1.4,-29.0,-5.8,10.0,2.0,7,1.4,4,0,0.0,0,1,0.2,5,10.6
685,Suyash Sharma,1063.0,39.370370370370374,59.47859870326221,215.0,-23.0,0.0,0.0,668.0,24.74074074074074,30.0,1.1111111111111112,0,0.0,0,20,0.7407407407407407,3,2,0.07407407407407407,25,42.52
686,Swapnil Singh,469.0,33.5,39.95526344454604,114.0,-14.0,80.0,5.714285714285714,199.0,14.214285714285714,30.0,2.142857142857143,51,3.642857142857143,15,7,0.5,2,2,0.14285714285714285,13,36.07692307692308
687,T Banton,16.0,8.0,14.142135623730951,18.0,-2.0,6.0,3.0,0.0,0.0,0.0,0.0,18,9.0,10,0,0.0,0,0,0.0,2,8.0
688,T Henderson,62.0,31.0,15.556349186104045,42.0,20.0,-2.0,-1.0,54.0,27.0,0.0,0.0,11,5.5,11,1,0.5,1,0,0.0,2,31.0
689,T Kohler-Cadmore,62.0,20.666666666666668,15.88500340992514,39.0,11.0,27.0,9.0,0.0,0.0,10.0,3.3333333333333335,48,16.0,20,0,0.0,0,1,0.3333333333333333,1,62.0
690,T Kohli,38.0,9.5,12.7148207485071,28.0,-1.0,-2.0,-0.5,0.0,0.0,10.0,2.5,11,2.75,7,0,0.0,0,1,0.25,4,9.5
691,T Mishra,15.0,15.0,,15.0,15.0,0.0,0.0,0.0,0.0,10.0,10.0,0,0.0,0,0,0.0,0,1,1.0,1,15.0
692,T Natarajan,3286.0,51.34375,52.21877627097456,259.0,-24.0,3.0,0.046875,2533.0,39.578125,120.0,1.875,3,0.046875,3,77,1.203125,4,8,0.125,59,55.69491525423729
693,T Shamsi,105.0,21.0,30.63494736408078,54.0,-20.0,2.0,0.4,68.0,13.6,0.0,0.0,2,0.4,2,3,0.6,1,0,0.0,5,21.0
694,T Stubbs,1855.0,56.21212121212121,49.82265898649778,196.0,-6.0,1278.0,38.72727272727273,72.0,2.1818181818181817,200.0,6.0606060606060606,711,21.545454545454547,71,4,0.12121212121212122,2,17,0.5151515151515151,33,56.21212121212121
695,T Taibu,74.0,24.666666666666668,7.505553499465136,32.0,17.0,19.0,6.333333333333333,0.0,0.0,10.0,3.3333333333333335,31,10.333333333333334,15,0,0.0,0,1,0.3333333333333333,3,24.666666666666668
696,T Thushara,509.0,84.83333333333333,68.09821338821355,208.0,13.0,2.0,0.3333333333333333,407.0,67.83333333333333,40.0,6.666666666666667,12,2.0,8,10,1.6666666666666667,4,3,0.5,6,84.83333333333333
697,TA Boult,7611.0,63.95798319327731,57.359466429861065,292.0,-19.0,86.0,0.7226890756302521,5550.0,46.63865546218487,350.0,2.9411764705882355,85,0.7142857142857143,17,151,1.26890756302521,4,32,0.2689075630252101,106,71.80188679245283
698,TD Paine,-30.0,-15.0,4.242640687119285,-12.0,-18.0,-40.0,-20.0,0.0,0.0,0.0,0.0,10,5.0,8,0,0.0,0,0,0.0,2,-15.0
699,TG Southee,2973.0,55.05555555555556,58.04793616556717,282.0,-20.0,166.0,3.074074074074074,1957.0,36.24074074074074,230.0,4.2592592592592595,120,2.2222222222222223,36,57,1.0555555555555556,5,21,0.3888888888888889,54,55.05555555555556
700,TH David,2475.0,49.5,42.489494499901305,186.0,-7.0,1545.0,30.9,0.0,0.0,330.0,6.6,846,16.92,50,0,0.0,0,29,0.58,48,51.5625
701,TK Curran,545.0,41.92307692307692,44.56916261733281,134.0,-22.0,153.0,11.76923076923077,257.0,19.76923076923077,20.0,1.5384615384615385,127,9.76923076923077,54,13,1.0,3,2,0.15384615384615385,12,45.416666666666664
702,TL Seifert,65.0,21.666666666666668,24.54248017893329,50.0,7.0,30.0,10.0,0.0,0.0,10.0,3.3333333333333335,26,8.666666666666666,21,0,0.0,0,1,0.3333333333333333,3,21.666666666666668
703,TL Suman,1576.0,36.651162790697676,47.7288391012086,215.0,-31.0,778.0,18.093023255813954,163.0,3.7906976744186047,150.0,3.488372093023256,676,15.720930232558139,78,7,0.16279069767441862,2,10,0.23255813953488372,39,40.41025641025641
704,TM Dilshan,2435.0,47.745098039215684,48.70763518679793,181.0,-25.0,1511.0,29.627450980392158,69.0,1.3529411764705883,230.0,4.509803921568627,1153,22.607843137254903,76,5,0.09803921568627451,1,20,0.39215686274509803,49,49.69387755102041
705,TM Head,2726.0,71.73684210526316,83.63779186226773,322.0,-23.0,2137.0,56.23684210526316,9.0,0.23684210526315788,60.0,1.5789473684210527,1146,30.157894736842106,102,3,0.07894736842105263,2,6,0.15789473684210525,35,77.88571428571429
706,TM Srivastava,108.0,15.428571428571429,15.075997953227319,45.0,-5.0,-17.0,-2.4285714285714284,0.0,0.0,40.0,5.714285714285714,8,1.1428571428571428,7,0,0.0,0,2,0.2857142857142857,7,15.428571428571429
707,TP Sudhindra,3.0,1.0,14.933184523068078,18.0,-10.0,0.0,0.0,-12.0,-4.0,0.0,0.0,0,0.0,0,1,0.3333333333333333,1,0,0.0,3,1.0
708,TR Birt,148.0,29.6,27.88010043023518,62.0,-2.0,103.0,20.6,0.0,0.0,0.0,0.0,75,15.0,27,0,0.0,0,0,0.0,5,29.6
709,TS Mills,379.0,37.9,42.13325421933501,115.0,-24.0,10.0,1.0,299.0,29.9,10.0,1.0,8,0.8,6,11,1.1,3,1,0.1,10,37.9
710,TU Deshpande,2163.0,47.02173913043478,46.05334545957898,181.0,-23.0,62.0,1.3478260869565217,1581.0,34.369565217391305,80.0,1.7391304347826086,28,0.6086956521739131,20,55,1.1956521739130435,4,8,0.17391304347826086,44,49.15909090909091
711,Tanush Kotian,37.0,37.0,,37.0,37.0,12.0,12.0,0.0,0.0,10.0,10.0,24,24.0,24,0,0.0,0,0,0.0,1,37.0
712,Tejas Baroka,1.0,1.0,,1.0,1.0,0.0,0.0,-4.0,-4.0,0.0,0.0,0,0.0,0,0,0.0,0,0,0.0,1,1.0
713,Tilak Varma,3288.0,60.888888888888886,42.41469426163739,186.0,-5.0,2420.0,44.81481481481482,8.0,0.14814814814814814,360.0,6.666666666666667,1499,27.75925925925926,84,0,0.0,0,32,0.5925925925925926,50,65.76
714,U Kaul,105.0,21.0,18.16590212458495,45.0,-5.0,-10.0,-2.0,0.0,0.0,50.0,10.0,0,0.0,0,0,0.0,0,2,0.4,5,21.0
715,UA Birla,13.0,6.5,12.020815280171307,15.0,-2.0,-7.0,-3.5,0.0,0.0,10.0,5.0,7,3.5,7,0,0.0,0,1,0.5,2,6.5
716,UBT Chand,475.0,22.61904761904762,33.686015185052966,135.0,-18.0,220.0,10.476190476190476,0.0,0.0,80.0,3.8095238095238093,300,14.285714285714286,58,0,0.0,0,8,0.38095238095238093,21,22.61904761904762
717,UT Khawaja,247.0,41.166666666666664,16.557978942693055,65.0,18.0,177.0,29.5,0.0,0.0,10.0,1.6666666666666667,127,21.166666666666668,30,0,0.0,0,1,0.16666666666666666,6,41.166666666666664
718,UT Yadav,8308.0,56.13513513513514,63.926472287818974,267.0,-23.0,212.0,1.4324324324324325,5726.0,38.689189189189186,400.0,2.7027027027027026,208,1.4054054054054055,24,163,1.1013513513513513,4,36,0.24324324324324326,142,58.50704225352113
719,Umar Gul,781.0,130.16666666666666,123.5385230066584,349.0,33.0,80.0,13.333333333333334,581.0,96.83333333333333,10.0,1.6666666666666667,39,6.5,24,14,2.3333333333333335,4,0,0.0,6,130.16666666666666
720,Umran Malik,1563.0,60.11538461538461,94.62613885098638,346.0,-23.0,58.0,2.230769230769231,1105.0,42.5,60.0,2.3076923076923075,23,0.8846153846153846,19,31,1.1923076923076923,5,4,0.15384615384615385,26,60.11538461538461
721,Urvil Patel,210.0,70.0,65.0,110.0,-5.0,155.0,51.666666666666664,0.0,0.0,20.0,6.666666666666667,68,22.666666666666668,37,0,0.0,0,2,0.6666666666666666,3,70.0
722,V Kaverappa,66.0,66.0,,66.0,66.0,0.0,0.0,61.0,61.0,0.0,0.0,0,0.0,0,2,2.0,2,0,0.0,1,66.0
723,V Kohli,18346.0,68.96992481203007,69.64957460755373,346.0,-32.0,13464.0,50.61654135338346,-78.0,-0.2932330827067669,1370.0,5.150375939849624,8671,32.597744360902254,113,5,0.018796992481203006,2,117,0.4398496240601504,248,73.9758064516129
724,V Nigam,726.0,51.857142857142854,52.10028368866681,149.0,-15.0,274.0,19.571428571428573,272.0,19.428571428571427,50.0,3.5714285714285716,142,10.142857142857142,39,12,0.8571428571428571,2,3,0.21428571428571427,14,51.857142857142854
725,V Pratap Singh,456.0,50.666666666666664,40.09364039345891,143.0,3.0,0.0,0.0,381.0,42.333333333333336,0.0,0.0,0,0.0,0,12,1.3333333333333333,3,0,0.0,9,50.666666666666664
726,V Puthur,199.0,39.8,44.80736546595883,114.0,-3.0,0.0,0.0,144.0,28.8,10.0,2.0,0,0.0,0,6,1.2,3,1,0.2,5,39.8
727,V Sehwag,6778.0,65.17307692307692,78.34978111104948,349.0,-48.0,4654.0,44.75,124.0,1.1923076923076923,420.0,4.038461538461538,2728,26.23076923076923,122,6,0.057692307692307696,2,34,0.3269230769230769,97,69.87628865979381
728,V Shankar,2942.0,37.717948717948715,39.370665273135586,152.0,-24.0,1712.0,21.94871794871795,170.0,2.1794871794871793,330.0,4.230769230769231,1233,15.807692307692308,69,12,0.15384615384615385,2,30,0.38461538461538464,73,40.3013698630137
729,V Suryavanshi,653.0,93.28571428571429,113.05856046862658,325.0,-5.0,548.0,78.28571428571429,0.0,0.0,0.0,0.0,252,36.0,101,0,0.0,0,0,0.0,7,93.28571428571429
730,V Viyaskanth,68.0,22.666666666666668,9.50438495292217,32.0,13.0,7.0,2.3333333333333335,6.0,2.0,20.0,6.666666666666667,7,2.3333333333333335,7,1,0.3333333333333333,1,2,0.6666666666666666,2,34.0
731,VG Arora,1546.0,48.3125,48.2757118522214,187.0,-23.0,-41.0,-1.28125,1077.0,33.65625,110.0,3.4375,9,0.28125,2,39,1.21875,3,9,0.28125,30,51.53333333333333
732,VH Zol,39.0,13.0,2.6457513110645907,15.0,10.0,14.0,4.666666666666667,0.0,0.0,0.0,0.0,29,9.666666666666666,16,0,0.0,0,0,0.0,3,13.0
733,VR Aaron,1923.0,36.98076923076923,50.327745586974885,171.0,-47.0,-14.0,-0.2692307692307692,1287.0,24.75,50.0,0.9615384615384616,50,0.9615384615384616,17,46,0.8846153846153846,3,3,0.057692307692307696,50,38.46
734,VR Iyer,3264.0,53.50819672131148,63.13995643299617,303.0,-17.0,2254.0,36.950819672131146,-35.0,-0.5737704918032787,250.0,4.098360655737705,1468,24.065573770491802,104,3,0.04918032786885246,2,22,0.36065573770491804,56,58.285714285714285
735,VRV Singh,754.0,39.68421052631579,42.99360757598344,135.0,-21.0,5.0,0.2631578947368421,504.0,26.526315789473685,30.0,1.5789473684210527,4,0.21052631578947367,4,16,0.8421052631578947,3,3,0.15789473684210525,18,41.888888888888886
736,VS Malik,327.0,25.153846153846153,32.28220911959133,107.0,-24.0,8.0,0.6153846153846154,184.0,14.153846153846153,20.0,1.5384615384615385,7,0.5384615384615384,6,6,0.46153846153846156,2,2,0.15384615384615385,11,29.727272727272727
737,VS Yeligati,-32.0,-16.0,11.313708498984761,-8.0,-24.0,2.0,1.0,-44.0,-22.0,0.0,0.0,2,1.0,2,0,0.0,0,0,0.0,2,-16.0
738,VVS Laxman,400.0,20.0,33.28505275408325,84.0,-30.0,180.0,9.0,0.0,0.0,50.0,2.5,282,14.1,52,0,0.0,0,4,0.2,20,20.0
739,VY Mahesh,940.0,55.294117647058826,67.53495826781338,266.0,-23.0,-25.0,-1.4705882352941178,740.0,43.529411764705884,60.0,3.5294117647058822,15,0.8823529411764706,6,22,1.2941176470588236,5,6,0.35294117647058826,16,58.75
740,Vijaykumar Vyshak,810.0,50.625,62.42101675984887,224.0,-12.0,26.0,1.625,564.0,35.25,60.0,3.75,14,0.875,13,21,1.3125,4,5,0.3125,14,57.857142857142854
741,Virat Singh,26.0,8.666666666666666,22.18858565419016,27.0,-16.0,-19.0,-6.333333333333333,0.0,0.0,20.0,6.666666666666667,15,5.0,11,0,0.0,0,2,0.6666666666666666,3,8.666666666666666
742,Vishnu Vinod,130.0,21.666666666666668,28.521337042057947,71.0,-5.0,30.0,5.0,0.0,0.0,40.0,6.666666666666667,56,9.333333333333334,30,0,0.0,0,0,0.0,5,26.0
743,Vivrant Sharma,112.0,37.333333333333336,52.57692776621066,98.0,5.0,122.0,40.666666666666664,-35.0,-11.666666666666666,0.0,0.0,69,23.0,69,0,0.0,0,0,0.0,3,37.333333333333336
744,W Jaffer,230.0,28.75,42.96094571983789,104.0,-14.0,110.0,13.75,0.0,0.0,50.0,6.25,130,16.25,50,0,0.0,0,4,0.5,8,28.75
745,W O'Rourke,200.0,66.66666666666667,67.95096271086476,142.0,10.0,0.0,0.0,165.0,55.0,10.0,3.3333333333333335,0,0.0,0,6,2.0,3,1,0.3333333333333333,3,66.66666666666667
746,WA Mota,297.0,24.75,29.47456530637899,66.0,-23.0,3.0,0.25,104.0,8.666666666666666,60.0,5.0,56,4.666666666666667,25,4,0.3333333333333333,1,5,0.4166666666666667,11,27.0
747,WD Parnell,1932.0,58.54545454545455,58.58972334648954,226.0,-20.0,-39.0,-1.1818181818181819,1536.0,46.54545454545455,100.0,3.0303030303030303,65,1.9696969696969697,16,40,1.2121212121212122,4,9,0.2727272727272727,33,58.54545454545455
748,WG Jacks,1421.0,67.66666666666667,79.09825113953744,320.0,-5.0,824.0,39.23809523809524,112.0,5.333333333333333,100.0,4.761904761904762,463,22.047619047619047,100,8,0.38095238095238093,2,9,0.42857142857142855,21,67.66666666666667
749,WP Saha,7559.0,44.72781065088758,48.594867900321,276.0,-18.0,3974.0,23.514792899408285,0.0,0.0,1640.0,9.70414201183432,2934,17.36094674556213,115,0,0.0,0,92,0.5443786982248521,157,48.146496815286625
750,WPUJC Vaas,1127.0,86.6923076923077,66.21478260854926,208.0,-7.0,84.0,6.461538461538462,868.0,66.76923076923077,10.0,0.7692307692307693,81,6.230769230769231,20,22,1.6923076923076923,3,0,0.0,13,86.6923076923077
751,Washington Sundar,2946.0,44.63636363636363,47.08540076324046,218.0,-25.0,605.0,9.166666666666666,1481.0,22.439393939393938,150.0,2.272727272727273,511,7.742424242424242,49,41,0.6212121212121212,3,14,0.21212121212121213,62,47.516129032258064
752,X Thalaivan Sargunam,0.0,0.0,,0.0,0.0,-5.0,-5.0,0.0,0.0,0.0,0.0,10,10.0,10,0,0.0,0,0,0.0,1,0.0
753,XC Bartlett,115.0,28.75,28.65164335019314,64.0,3.0,-3.0,-0.75,18.0,4.5,50.0,12.5,11,2.75,11,2,0.5,1,5,1.25,4,28.75
754,Y Gnaneswara Rao,55.0,27.5,0.7071067811865476,28.0,27.0,12.0,6.0,3.0,1.5,20.0,10.0,19,9.5,19,0,0.0,0,2,1.0,2,27.5
755,Y Nagar,594.0,22.846153846153847,21.669688152241246,68.0,-11.0,258.0,9.923076923076923,-4.0,-0.15384615384615385,90.0,3.4615384615384617,285,10.961538461538462,44,4,0.15384615384615385,2,5,0.19230769230769232,26,22.846153846153847
756,Y Prithvi Raj,18.0,9.0,43.840620433565945,40.0,-22.0,0.0,0.0,8.0,4.0,0.0,0.0,0,0.0,0,1,0.5,1,0,0.0,2,9.0
757,Y Venugopal Rao,1925.0,29.615384615384617,37.80033577384445,172.0,-37.0,1181.0,18.16923076923077,9.0,0.13846153846153847,160.0,2.4615384615384617,985,15.153846153846153,71,7,0.1076923076923077,2,13,0.2,60,32.083333333333336
758,YA Abdulla,683.0,62.09090909090909,89.95382653945805,206.0,-23.0,0.0,0.0,588.0,53.45454545454545,0.0,0.0,0,0.0,0,15,1.3636363636363635,4,0,0.0,11,62.09090909090909
759,YBK Jaiswal,4969.0,75.28787878787878,72.21096553241442,331.0,-17.0,3779.0,57.25757575757576,0.0,0.0,300.0,4.545454545454546,2166,32.81818181818182,124,0,0.0,0,28,0.42424242424242425,61,81.45901639344262
760,YK Pathan,9855.0,56.63793103448276,63.01005469150485,292.0,-22.0,4912.0,28.229885057471265,1763.0,10.132183908045977,510.0,2.9310344827586206,3222,18.517241379310345,100,46,0.26436781609195403,3,41,0.23563218390804597,162,60.833333333333336
761,YS Chahal,10848.0,61.988571428571426,61.37345532119238,302.0,-35.0,-83.0,-0.4742857142857143,8526.0,48.72,330.0,1.8857142857142857,37,0.21142857142857144,8,229,1.3085714285714285,5,28,0.16,162,66.96296296296296
762,YV Dhull,57.0,14.25,8.139410298049853,25.0,7.0,7.0,1.75,0.0,0.0,20.0,5.0,16,4.0,13,0,0.0,0,2,0.5,4,14.25
763,YV Takawale,619.0,38.6875,32.939780914066,90.0,-30.0,199.0,12.4375,0.0,0.0,260.0,16.25,192,12.0,45,0,0.0,0,13,0.8125,16,38.6875
764,Yash Dayal,1791.0,41.651162790697676,47.27371348551924,217.0,-33.0,-11.0,-0.2558139534883721,1187.0,27.6046511627907,100.0,2.3255813953488373,4,0.09302325581395349,3,45,1.0465116279069768,4,8,0.18604651162790697,38,47.13157894736842
765,Yash Thakur,1123.0,53.476190476190474,81.91008426782325,328.0,-22.0,0.0,0.0,838.0,39.904761904761905,30.0,1.4285714285714286,0,0.0,0,28,1.3333333333333333,5,2,0.09523809523809523,20,56.15
766,Yashpal Singh,82.0,10.25,13.905291901184341,38.0,-4.0,-8.0,-1.0,0.0,0.0,30.0,3.75,47,5.875,20,0,0.0,0,3,0.375,8,10.25
767,Younis Khan,3.0,3.0,,3.0,3.0,-12.0,-12.0,0.0,0.0,10.0,10.0,3,3.0,3,0,0.0,0,1,1.0,1,3.0
768,Yudhvir Singh,256.0,28.444444444444443,40.88126438575228,104.0,-9.0,37.0,4.111111111111111,124.0,13.777777777777779,0.0,0.0,22,2.4444444444444446,14,8,0.8888888888888888,3,0,0.0,9,28.444444444444443
769,Yuvraj Singh,7033.0,53.28030303030303,66.56894656846926,375.0,-46.0,3875.0,29.356060606060606,1278.0,9.681818181818182,390.0,2.9545454545454546,2754,20.863636363636363,83,39,0.29545454545454547,4,29,0.2196969696969697,127,55.37795275590551
770,Z Khan,6060.0,61.21212121212121,54.46722900286432,238.0,-21.0,82.0,0.8282828282828283,4693.0,47.4040404040404,260.0,2.6262626262626263,117,1.1818181818181819,23,119,1.202020202020202,4,20,0.20202020202020202,94,64.46808510638297
771,Zeeshan Ansari,277.0,27.7,34.49331658291051,110.0,-5.0,0.0,0.0,157.0,15.7,40.0,4.0,0,0.0,0,8,0.8,3,3,0.3,10,27.7
